"analysis_id","feature_id","qc_type","batch_id","precursor_mz","product_mz","polarity","area"
"SPL01","PC 28:1","SPL",1,676.5,184.1,"+",1174
"SPL01","PC 28:0","SPL",1,678.5,184.1,"+",387554
"SPL01","PC 29:1","SPL",1,690.4,184.1,"+",4468
"SPL01","PC 29:0","SPL",1,692.5,184.1,"+",13399
"SPL01","PC 30:0","SPL",1,706.5,184.1,"+",142293
"SPL01","PC 31:2","SPL",1,716.6,184.1,"+",17718
"SPL01","PC 31:1","SPL",1,718.5,184.1,"+",81250
"SPL01","PC 31:0","SPL",1,720.6,184.1,"+",190706
"SPL01","PC 32:3","SPL",1,728.5,184.1,"+",4729
"SPL01","PC 32:2","SPL",1,730.5,184.1,"+",108078
"SPL01","PC 32:1","SPL",1,732.6,184.1,"+",515351
"SPL01","PC 32:0","SPL",1,734.6,184.1,"+",704729
"SPL01","PC 33:4","SPL",1,740.6,184.1,"+",10778
"SPL01","PC 33:3","SPL",1,742.5,184.1,"+",518653
"SPL01","PC 33:2","SPL",1,744.6,184.1,"+",392813
"SPL01","PC 33:1","SPL",1,746.6,184.1,"+",224042
"SPL01","PC 33:0","SPL",1,748.6,184.1,"+",50845
"SPL01","PC 34:5","SPL",1,752.5,184.1,"+",8729
"SPL01","PC 34:4","SPL",1,754.5,184.1,"+",45863
"SPL01","PC 34:3","SPL",1,756.6,184.1,"+",290714
"SPL01","PC 34:2","SPL",1,758.6,184.1,"+",8725455
"SPL01","PC 34:1","SPL",1,760.6,184.1,"+",4807848
"SPL01","PC 34:0","SPL",1,762.6,184.1,"+",404578
"SPL01","PC 35:6","SPL",1,764.6,184.1,"+",50019
"SPL01","PC 35:5","SPL",1,766.5,184.1,"+",1132294
"SPL01","PC 35:4","SPL",1,768.6,184.1,"+",1208480
"SPL01","PC 35:3","SPL",1,770.6,184.1,"+",392006
"SPL01","PC 35:2","SPL",1,772.6,184.1,"+",307275
"SPL01","PC 35:1","SPL",1,774.6,184.1,"+",301786
"SPL01","PC 35:0","SPL",1,776.6,184.1,"+",66881
"SPL01","PC 36:6","SPL",1,778.5,184.1,"+",23282
"SPL01","PC 36:5","SPL",1,780.6,184.1,"+",648257
"SPL01","PC 36:4","SPL",1,782.6,184.1,"+",10621201
"SPL01","PC 36:3","SPL",1,784.6,184.1,"+",6156018
"SPL01","PC 36:2","SPL",1,786.6,184.1,"+",10100152
"SPL01","PC 36:1","SPL",1,788.6,184.1,"+",1845497
"SPL01","PC 36:0","SPL",1,790.6,184.1,"+",298370
"SPL01","PC 37:6","SPL",1,792.6,184.1,"+",426166
"SPL01","PC 37:5","SPL",1,794.6,184.1,"+",1113931
"SPL01","PC 37:4","SPL",1,796.6,184.1,"+",801677
"SPL01","PC 37:3","SPL",1,798.6,184.1,"+",333772
"SPL01","PC 37:2","SPL",1,800.6,184.1,"+",147246
"SPL01","PC 37:1","SPL",1,802.6,184.1,"+",104745
"SPL01","PC 37:0","SPL",1,804.6,184.1,"+",67270
"SPL01","PC 38:6","SPL",1,806.6,184.1,"+",3391055
"SPL01","PC 38:5","SPL",1,808.6,184.1,"+",3719838
"SPL01","PC 38:4","SPL",1,810.6,184.1,"+",8818741
"SPL01","PC 38:3","SPL",1,812.6,184.1,"+",2690565
"SPL01","PC 38:2","SPL",1,814.6,184.1,"+",390291
"SPL01","PC 39:8","SPL",1,816.6,184.1,"+",71364
"SPL01","PC 39:7","SPL",1,818.6,184.1,"+",150906
"SPL01","PC 39:6","SPL",1,820.6,184.1,"+",242426
"SPL01","PC 39:5","SPL",1,822.6,184.1,"+",262372
"SPL01","PC 40:8","SPL",1,830.6,184.1,"+",74907
"SPL01","PC 40:7","SPL",1,832.6,184.1,"+",311817
"SPL01","PC 40:6","SPL",1,834.6,184.1,"+",1525528
"SPL01","PC 40:5","SPL",1,836.6,184.1,"+",810931
"SPL01","PC 40:4","SPL",1,838.6,184.1,"+",400778
"SPL01","PC 40:3","SPL",1,840.6,184.1,"+",62640
"SPL01","PC 40:2","SPL",1,842.7,184.1,"+",38395
"SPL01","PC 40:1","SPL",1,844.7,184.1,"+",21704
"SPL01","PC 40:0","SPL",1,846.7,184.1,"+",32000
"SPL02","PC 28:1","SPL",1,676.5,184.1,"+",969
"SPL02","PC 28:0","SPL",1,678.5,184.1,"+",413067
"SPL02","PC 29:1","SPL",1,690.4,184.1,"+",3666
"SPL02","PC 29:0","SPL",1,692.5,184.1,"+",15877
"SPL02","PC 30:0","SPL",1,706.5,184.1,"+",135346
"SPL02","PC 31:2","SPL",1,716.6,184.1,"+",18360
"SPL02","PC 31:1","SPL",1,718.5,184.1,"+",83840
"SPL02","PC 31:0","SPL",1,720.6,184.1,"+",189047
"SPL02","PC 32:3","SPL",1,728.5,184.1,"+",5529
"SPL02","PC 32:2","SPL",1,730.5,184.1,"+",90096
"SPL02","PC 32:1","SPL",1,732.6,184.1,"+",372419
"SPL02","PC 32:0","SPL",1,734.6,184.1,"+",497825
"SPL02","PC 33:4","SPL",1,740.6,184.1,"+",9472
"SPL02","PC 33:3","SPL",1,742.5,184.1,"+",438247
"SPL02","PC 33:2","SPL",1,744.6,184.1,"+",408918
"SPL02","PC 33:1","SPL",1,746.6,184.1,"+",190185
"SPL02","PC 33:0","SPL",1,748.6,184.1,"+",54278
"SPL02","PC 34:5","SPL",1,752.5,184.1,"+",7480
"SPL02","PC 34:4","SPL",1,754.5,184.1,"+",38534
"SPL02","PC 34:3","SPL",1,756.6,184.1,"+",299448
"SPL02","PC 34:2","SPL",1,758.6,184.1,"+",7947242
"SPL02","PC 34:1","SPL",1,760.6,184.1,"+",4796106
"SPL02","PC 34:0","SPL",1,762.6,184.1,"+",342089
"SPL02","PC 35:6","SPL",1,764.6,184.1,"+",51963
"SPL02","PC 35:5","SPL",1,766.5,184.1,"+",1165804
"SPL02","PC 35:4","SPL",1,768.6,184.1,"+",1038547
"SPL02","PC 35:3","SPL",1,770.6,184.1,"+",388897
"SPL02","PC 35:2","SPL",1,772.6,184.1,"+",262800
"SPL02","PC 35:1","SPL",1,774.6,184.1,"+",304975
"SPL02","PC 35:0","SPL",1,776.6,184.1,"+",63963
"SPL02","PC 36:6","SPL",1,778.5,184.1,"+",24039
"SPL02","PC 36:5","SPL",1,780.6,184.1,"+",651123
"SPL02","PC 36:4","SPL",1,782.6,184.1,"+",11332590
"SPL02","PC 36:3","SPL",1,784.6,184.1,"+",5166897
"SPL02","PC 36:2","SPL",1,786.6,184.1,"+",8622914
"SPL02","PC 36:1","SPL",1,788.6,184.1,"+",1989375
"SPL02","PC 36:0","SPL",1,790.6,184.1,"+",263801
"SPL02","PC 37:6","SPL",1,792.6,184.1,"+",527619
"SPL02","PC 37:5","SPL",1,794.6,184.1,"+",1073541
"SPL02","PC 37:4","SPL",1,796.6,184.1,"+",811803
"SPL02","PC 37:3","SPL",1,798.6,184.1,"+",329146
"SPL02","PC 37:2","SPL",1,800.6,184.1,"+",147239
"SPL02","PC 37:1","SPL",1,802.6,184.1,"+",92614
"SPL02","PC 37:0","SPL",1,804.6,184.1,"+",54807
"SPL02","PC 38:6","SPL",1,806.6,184.1,"+",3115413
"SPL02","PC 38:5","SPL",1,808.6,184.1,"+",3138881
"SPL02","PC 38:4","SPL",1,810.6,184.1,"+",7501069
"SPL02","PC 38:3","SPL",1,812.6,184.1,"+",2883127
"SPL02","PC 38:2","SPL",1,814.6,184.1,"+",446976
"SPL02","PC 39:8","SPL",1,816.6,184.1,"+",76470
"SPL02","PC 39:7","SPL",1,818.6,184.1,"+",149147
"SPL02","PC 39:6","SPL",1,820.6,184.1,"+",198935
"SPL02","PC 39:5","SPL",1,822.6,184.1,"+",233502
"SPL02","PC 40:8","SPL",1,830.6,184.1,"+",75942
"SPL02","PC 40:7","SPL",1,832.6,184.1,"+",240377
"SPL02","PC 40:6","SPL",1,834.6,184.1,"+",1508783
"SPL02","PC 40:5","SPL",1,836.6,184.1,"+",808952
"SPL02","PC 40:4","SPL",1,838.6,184.1,"+",365322
"SPL02","PC 40:3","SPL",1,840.6,184.1,"+",51729
"SPL02","PC 40:2","SPL",1,842.7,184.1,"+",34583
"SPL02","PC 40:1","SPL",1,844.7,184.1,"+",20487
"SPL02","PC 40:0","SPL",1,846.7,184.1,"+",31557
"SPL03","PC 28:1","SPL",1,676.5,184.1,"+",943
"SPL03","PC 28:0","SPL",1,678.5,184.1,"+",348277
"SPL03","PC 29:1","SPL",1,690.4,184.1,"+",4018
"SPL03","PC 29:0","SPL",1,692.5,184.1,"+",12106
"SPL03","PC 30:0","SPL",1,706.5,184.1,"+",147157
"SPL03","PC 31:2","SPL",1,716.6,184.1,"+",18235
"SPL03","PC 31:1","SPL",1,718.5,184.1,"+",78169
"SPL03","PC 31:0","SPL",1,720.6,184.1,"+",164957
"SPL03","PC 32:3","SPL",1,728.5,184.1,"+",5327
"SPL03","PC 32:2","SPL",1,730.5,184.1,"+",89619
"SPL03","PC 32:1","SPL",1,732.6,184.1,"+",401702
"SPL03","PC 32:0","SPL",1,734.6,184.1,"+",454918
"SPL03","PC 33:4","SPL",1,740.6,184.1,"+",9604
"SPL03","PC 33:3","SPL",1,742.5,184.1,"+",471482
"SPL03","PC 33:2","SPL",1,744.6,184.1,"+",404490
"SPL03","PC 33:1","SPL",1,746.6,184.1,"+",191660
"SPL03","PC 33:0","SPL",1,748.6,184.1,"+",41284
"SPL03","PC 34:5","SPL",1,752.5,184.1,"+",8578
"SPL03","PC 34:4","SPL",1,754.5,184.1,"+",36708
"SPL03","PC 34:3","SPL",1,756.6,184.1,"+",317973
"SPL03","PC 34:2","SPL",1,758.6,184.1,"+",8026358
"SPL03","PC 34:1","SPL",1,760.6,184.1,"+",4493070
"SPL03","PC 34:0","SPL",1,762.6,184.1,"+",402675
"SPL03","PC 35:6","SPL",1,764.6,184.1,"+",45052
"SPL03","PC 35:5","SPL",1,766.5,184.1,"+",972407
"SPL03","PC 35:4","SPL",1,768.6,184.1,"+",1188865
"SPL03","PC 35:3","SPL",1,770.6,184.1,"+",347958
"SPL03","PC 35:2","SPL",1,772.6,184.1,"+",296666
"SPL03","PC 35:1","SPL",1,774.6,184.1,"+",292386
"SPL03","PC 35:0","SPL",1,776.6,184.1,"+",59005
"SPL03","PC 36:6","SPL",1,778.5,184.1,"+",21337
"SPL03","PC 36:5","SPL",1,780.6,184.1,"+",648881
"SPL03","PC 36:4","SPL",1,782.6,184.1,"+",10761894
"SPL03","PC 36:3","SPL",1,784.6,184.1,"+",5618479
"SPL03","PC 36:2","SPL",1,786.6,184.1,"+",7311387
"SPL03","PC 36:1","SPL",1,788.6,184.1,"+",1503472
"SPL03","PC 36:0","SPL",1,790.6,184.1,"+",235959
"SPL03","PC 37:6","SPL",1,792.6,184.1,"+",439110
"SPL03","PC 37:5","SPL",1,794.6,184.1,"+",1005704
"SPL03","PC 37:4","SPL",1,796.6,184.1,"+",771733
"SPL03","PC 37:3","SPL",1,798.6,184.1,"+",280695
"SPL03","PC 37:2","SPL",1,800.6,184.1,"+",134464
"SPL03","PC 37:1","SPL",1,802.6,184.1,"+",86437
"SPL03","PC 37:0","SPL",1,804.6,184.1,"+",57602
"SPL03","PC 38:6","SPL",1,806.6,184.1,"+",3269374
"SPL03","PC 38:5","SPL",1,808.6,184.1,"+",2752483
"SPL03","PC 38:4","SPL",1,810.6,184.1,"+",7350177
"SPL03","PC 38:3","SPL",1,812.6,184.1,"+",2550378
"SPL03","PC 38:2","SPL",1,814.6,184.1,"+",390004
"SPL03","PC 39:8","SPL",1,816.6,184.1,"+",64389
"SPL03","PC 39:7","SPL",1,818.6,184.1,"+",128183
"SPL03","PC 39:6","SPL",1,820.6,184.1,"+",221418
"SPL03","PC 39:5","SPL",1,822.6,184.1,"+",231649
"SPL03","PC 40:8","SPL",1,830.6,184.1,"+",75791
"SPL03","PC 40:7","SPL",1,832.6,184.1,"+",296754
"SPL03","PC 40:6","SPL",1,834.6,184.1,"+",1359943
"SPL03","PC 40:5","SPL",1,836.6,184.1,"+",704558
"SPL03","PC 40:4","SPL",1,838.6,184.1,"+",311740
"SPL03","PC 40:3","SPL",1,840.6,184.1,"+",55105
"SPL03","PC 40:2","SPL",1,842.7,184.1,"+",33860
"SPL03","PC 40:1","SPL",1,844.7,184.1,"+",21283
"SPL03","PC 40:0","SPL",1,846.7,184.1,"+",29499
"SPL04","PC 28:1","SPL",1,676.5,184.1,"+",974
"SPL04","PC 28:0","SPL",1,678.5,184.1,"+",324562
"SPL04","PC 29:1","SPL",1,690.4,184.1,"+",3502
"SPL04","PC 29:0","SPL",1,692.5,184.1,"+",11191
"SPL04","PC 30:0","SPL",1,706.5,184.1,"+",163506
"SPL04","PC 31:2","SPL",1,716.6,184.1,"+",16037
"SPL04","PC 31:1","SPL",1,718.5,184.1,"+",67427
"SPL04","PC 31:0","SPL",1,720.6,184.1,"+",147477
"SPL04","PC 32:3","SPL",1,728.5,184.1,"+",5158
"SPL04","PC 32:2","SPL",1,730.5,184.1,"+",103395
"SPL04","PC 32:1","SPL",1,732.6,184.1,"+",392586
"SPL04","PC 32:0","SPL",1,734.6,184.1,"+",641368
"SPL04","PC 33:4","SPL",1,740.6,184.1,"+",9551
"SPL04","PC 33:3","SPL",1,742.5,184.1,"+",419062
"SPL04","PC 33:2","SPL",1,744.6,184.1,"+",345798
"SPL04","PC 33:1","SPL",1,746.6,184.1,"+",198335
"SPL04","PC 33:0","SPL",1,748.6,184.1,"+",44344
"SPL04","PC 34:5","SPL",1,752.5,184.1,"+",7244
"SPL04","PC 34:4","SPL",1,754.5,184.1,"+",41755
"SPL04","PC 34:3","SPL",1,756.6,184.1,"+",291515
"SPL04","PC 34:2","SPL",1,758.6,184.1,"+",6892316
"SPL04","PC 34:1","SPL",1,760.6,184.1,"+",4933351
"SPL04","PC 34:0","SPL",1,762.6,184.1,"+",342379
"SPL04","PC 35:6","SPL",1,764.6,184.1,"+",54602
"SPL04","PC 35:5","SPL",1,766.5,184.1,"+",1235500
"SPL04","PC 35:4","SPL",1,768.6,184.1,"+",1004930
"SPL04","PC 35:3","SPL",1,770.6,184.1,"+",362760
"SPL04","PC 35:2","SPL",1,772.6,184.1,"+",288064
"SPL04","PC 35:1","SPL",1,774.6,184.1,"+",305362
"SPL04","PC 35:0","SPL",1,776.6,184.1,"+",56805
"SPL04","PC 36:6","SPL",1,778.5,184.1,"+",26146
"SPL04","PC 36:5","SPL",1,780.6,184.1,"+",669882
"SPL04","PC 36:4","SPL",1,782.6,184.1,"+",12901395
"SPL04","PC 36:3","SPL",1,784.6,184.1,"+",5062047
"SPL04","PC 36:2","SPL",1,786.6,184.1,"+",7876835
"SPL04","PC 36:1","SPL",1,788.6,184.1,"+",1768757
"SPL04","PC 36:0","SPL",1,790.6,184.1,"+",258929
"SPL04","PC 37:6","SPL",1,792.6,184.1,"+",394028
"SPL04","PC 37:5","SPL",1,794.6,184.1,"+",935117
"SPL04","PC 37:4","SPL",1,796.6,184.1,"+",746688
"SPL04","PC 37:3","SPL",1,798.6,184.1,"+",273234
"SPL04","PC 37:2","SPL",1,800.6,184.1,"+",127359
"SPL04","PC 37:1","SPL",1,802.6,184.1,"+",86042
"SPL04","PC 37:0","SPL",1,804.6,184.1,"+",62027
"SPL04","PC 38:6","SPL",1,806.6,184.1,"+",2769664
"SPL04","PC 38:5","SPL",1,808.6,184.1,"+",2753928
"SPL04","PC 38:4","SPL",1,810.6,184.1,"+",7606047
"SPL04","PC 38:3","SPL",1,812.6,184.1,"+",2573255
"SPL04","PC 38:2","SPL",1,814.6,184.1,"+",369750
"SPL04","PC 39:8","SPL",1,816.6,184.1,"+",63561
"SPL04","PC 39:7","SPL",1,818.6,184.1,"+",124382
"SPL04","PC 39:6","SPL",1,820.6,184.1,"+",187895
"SPL04","PC 39:5","SPL",1,822.6,184.1,"+",220155
"SPL04","PC 40:8","SPL",1,830.6,184.1,"+",74941
"SPL04","PC 40:7","SPL",1,832.6,184.1,"+",252155
"SPL04","PC 40:6","SPL",1,834.6,184.1,"+",1328937
"SPL04","PC 40:5","SPL",1,836.6,184.1,"+",734412
"SPL04","PC 40:4","SPL",1,838.6,184.1,"+",284334
"SPL04","PC 40:3","SPL",1,840.6,184.1,"+",48676
"SPL04","PC 40:2","SPL",1,842.7,184.1,"+",35148
"SPL04","PC 40:1","SPL",1,844.7,184.1,"+",19867
"SPL04","PC 40:0","SPL",1,846.7,184.1,"+",27717
"SPL05","PC 28:1","SPL",1,676.5,184.1,"+",778
"SPL05","PC 28:0","SPL",1,678.5,184.1,"+",317897
"SPL05","PC 29:1","SPL",1,690.4,184.1,"+",3148
"SPL05","PC 29:0","SPL",1,692.5,184.1,"+",10460
"SPL05","PC 30:0","SPL",1,706.5,184.1,"+",155576
"SPL05","PC 31:2","SPL",1,716.6,184.1,"+",18368
"SPL05","PC 31:1","SPL",1,718.5,184.1,"+",67235
"SPL05","PC 31:0","SPL",1,720.6,184.1,"+",132854
"SPL05","PC 32:3","SPL",1,728.5,184.1,"+",4918
"SPL05","PC 32:2","SPL",1,730.5,184.1,"+",94413
"SPL05","PC 32:1","SPL",1,732.6,184.1,"+",380568
"SPL05","PC 32:0","SPL",1,734.6,184.1,"+",582982
"SPL05","PC 33:4","SPL",1,740.6,184.1,"+",9689
"SPL05","PC 33:3","SPL",1,742.5,184.1,"+",486308
"SPL05","PC 33:2","SPL",1,744.6,184.1,"+",336263
"SPL05","PC 33:1","SPL",1,746.6,184.1,"+",171352
"SPL05","PC 33:0","SPL",1,748.6,184.1,"+",44582
"SPL05","PC 34:5","SPL",1,752.5,184.1,"+",7306
"SPL05","PC 34:4","SPL",1,754.5,184.1,"+",39292
"SPL05","PC 34:3","SPL",1,756.6,184.1,"+",304874
"SPL05","PC 34:2","SPL",1,758.6,184.1,"+",6684183
"SPL05","PC 34:1","SPL",1,760.6,184.1,"+",4292652
"SPL05","PC 34:0","SPL",1,762.6,184.1,"+",355046
"SPL05","PC 35:6","SPL",1,764.6,184.1,"+",42955
"SPL05","PC 35:5","SPL",1,766.5,184.1,"+",1083632
"SPL05","PC 35:4","SPL",1,768.6,184.1,"+",1009629
"SPL05","PC 35:3","SPL",1,770.6,184.1,"+",363461
"SPL05","PC 35:2","SPL",1,772.6,184.1,"+",271909
"SPL05","PC 35:1","SPL",1,774.6,184.1,"+",330410
"SPL05","PC 35:0","SPL",1,776.6,184.1,"+",52835
"SPL05","PC 36:6","SPL",1,778.5,184.1,"+",22602
"SPL05","PC 36:5","SPL",1,780.6,184.1,"+",575904
"SPL05","PC 36:4","SPL",1,782.6,184.1,"+",10550526
"SPL05","PC 36:3","SPL",1,784.6,184.1,"+",5093555
"SPL05","PC 36:2","SPL",1,786.6,184.1,"+",8199666
"SPL05","PC 36:1","SPL",1,788.6,184.1,"+",1777306
"SPL05","PC 36:0","SPL",1,790.6,184.1,"+",232405
"SPL05","PC 37:6","SPL",1,792.6,184.1,"+",422932
"SPL05","PC 37:5","SPL",1,794.6,184.1,"+",870765
"SPL05","PC 37:4","SPL",1,796.6,184.1,"+",752958
"SPL05","PC 37:3","SPL",1,798.6,184.1,"+",255997
"SPL05","PC 37:2","SPL",1,800.6,184.1,"+",146744
"SPL05","PC 37:1","SPL",1,802.6,184.1,"+",83701
"SPL05","PC 37:0","SPL",1,804.6,184.1,"+",62769
"SPL05","PC 38:6","SPL",1,806.6,184.1,"+",2514549
"SPL05","PC 38:5","SPL",1,808.6,184.1,"+",2784576
"SPL05","PC 38:4","SPL",1,810.6,184.1,"+",6294577
"SPL05","PC 38:3","SPL",1,812.6,184.1,"+",2116101
"SPL05","PC 38:2","SPL",1,814.6,184.1,"+",365633
"SPL05","PC 39:8","SPL",1,816.6,184.1,"+",56661
"SPL05","PC 39:7","SPL",1,818.6,184.1,"+",122731
"SPL05","PC 39:6","SPL",1,820.6,184.1,"+",214537
"SPL05","PC 39:5","SPL",1,822.6,184.1,"+",225706
"SPL05","PC 40:8","SPL",1,830.6,184.1,"+",69432
"SPL05","PC 40:7","SPL",1,832.6,184.1,"+",217940
"SPL05","PC 40:6","SPL",1,834.6,184.1,"+",1236835
"SPL05","PC 40:5","SPL",1,836.6,184.1,"+",774701
"SPL05","PC 40:4","SPL",1,838.6,184.1,"+",295369
"SPL05","PC 40:3","SPL",1,840.6,184.1,"+",52723
"SPL05","PC 40:2","SPL",1,842.7,184.1,"+",32388
"SPL05","PC 40:1","SPL",1,844.7,184.1,"+",20751
"SPL05","PC 40:0","SPL",1,846.7,184.1,"+",25810
"SPL01","SM 30:1 (IS)","SPL",1,647.6,184.1,"+",105853
"SPL01","SM 34:2","SPL",1,701.6,184.1,"+",1092836
"SPL01","SM 34:1","SPL",1,703.6,184.1,"+",4425979
"SPL01","SM 34:0","SPL",1,705.6,184.1,"+",1085279
"SPL01","SM 35:1","SPL",1,717.6,184.1,"+",198730
"SPL01","SM 35:0","SPL",1,719.6,184.1,"+",69581
"SPL01","SM 36:3","SPL",1,727.6,184.1,"+",102327
"SPL01","SM 36:2","SPL",1,729.6,184.1,"+",699380
"SPL01","SM 36:1","SPL",1,731.6,184.1,"+",2639721
"SPL01","SM 36:0","SPL",1,733.6,184.1,"+",288811
"SPL01","SM 37:3","SPL",1,741.6,184.1,"+",7835
"SPL01","SM 37:2","SPL",1,743.6,184.1,"+",17413
"SPL01","SM 37:1","SPL",1,745.6,184.1,"+",151059
"SPL01","SM 37:0","SPL",1,747.6,184.1,"+",25964
"SPL01","SM 38:4","SPL",1,753.6,184.1,"+",10122
"SPL01","SM 38:3","SPL",1,755.6,184.1,"+",63771
"SPL01","SM 38:2","SPL",1,757.6,184.1,"+",637896
"SPL01","SM 38:1","SPL",1,759.6,184.1,"+",1687064
"SPL01","SM 38:0","SPL",1,761.7,184.1,"+",181532
"SPL01","SM 39:5","SPL",1,765.6,184.1,"+",739
"SPL01","SM 39:4","SPL",1,767.6,184.1,"+",3257
"SPL01","SM 39:3","SPL",1,769.6,184.1,"+",9266
"SPL01","SM 39:2","SPL",1,771.6,184.1,"+",74079
"SPL01","SM 39:1","SPL",1,773.7,184.1,"+",436465
"SPL01","SM 39:0","SPL",1,775.7,184.1,"+",67974
"SPL01","SM 40:6","SPL",1,777.6,184.1,"+",7087
"SPL01","SM 40:5","SPL",1,779.6,184.1,"+",9169
"SPL01","SM 40:4","SPL",1,781.6,184.1,"+",45963
"SPL01","SM 40:3","SPL",1,783.6,184.1,"+",129633
"SPL01","SM 40:2","SPL",1,785.7,184.1,"+",2671784
"SPL01","SM 40:1","SPL",1,787.7,184.1,"+",4218594
"SPL01","SM 40:0","SPL",1,789.7,184.1,"+",427802
"SPL01","SM 41:4","SPL",1,795.6,184.1,"+",12072
"SPL01","SM 41:3","SPL",1,797.6,184.1,"+",96688
"SPL01","SM 41:2","SPL",1,799.7,184.1,"+",870145
"SPL01","SM 41:1","SPL",1,801.7,184.1,"+",1310509
"SPL01","SM 41:0","SPL",1,803.7,184.1,"+",158430
"SPL01","SM 42:6","SPL",1,805.6,184.1,"+",36564
"SPL01","SM 42:5","SPL",1,807.6,184.1,"+",42933
"SPL01","SM 42:4","SPL",1,809.6,184.1,"+",371152
"SPL01","SM 42:3","SPL",1,811.7,184.1,"+",3163922
"SPL01","SM 42:2","SPL",1,813.7,184.1,"+",5765015
"SPL01","SM 42:1","SPL",1,815.7,184.1,"+",3066093
"SPL01","SM 42:0","SPL",1,817.7,184.1,"+",325324
"SPL01","SM 43:6","SPL",1,819.6,184.1,"+",12856
"SPL01","SM 43:5","SPL",1,821.6,184.1,"+",3157
"SPL01","SM 43:4","SPL",1,823.7,184.1,"+",8846
"SPL01","SM 43:3","SPL",1,825.7,184.1,"+",61685
"SPL01","SM 43:2","SPL",1,827.7,184.1,"+",182303
"SPL01","SM 43:1","SPL",1,829.7,184.1,"+",148990
"SPL01","SM 43:0","SPL",1,831.7,184.1,"+",66160
"SPL01","SM 44:6","SPL",1,833.6,184.1,"+",18385
"SPL01","SM 44:5","SPL",1,835.7,184.1,"+",15987
"SPL01","SM 44:4","SPL",1,837.7,184.1,"+",19306
"SPL01","SM 44:3","SPL",1,839.7,184.1,"+",47582
"SPL01","SM 44:2","SPL",1,841.7,184.1,"+",43772
"SPL01","SM 44:1","SPL",1,843.7,184.1,"+",23261
"SPL01","SM 44:0","SPL",1,845.7,184.1,"+",7451
"SPL02","SM 30:1 (IS)","SPL",1,647.6,184.1,"+",90986
"SPL02","SM 34:2","SPL",1,701.6,184.1,"+",1009153
"SPL02","SM 34:1","SPL",1,703.6,184.1,"+",3295069
"SPL02","SM 34:0","SPL",1,705.6,184.1,"+",1099184
"SPL02","SM 35:1","SPL",1,717.6,184.1,"+",239212
"SPL02","SM 35:0","SPL",1,719.6,184.1,"+",64351
"SPL02","SM 36:3","SPL",1,727.6,184.1,"+",78346
"SPL02","SM 36:2","SPL",1,729.6,184.1,"+",1141972
"SPL02","SM 36:1","SPL",1,731.6,184.1,"+",2268404
"SPL02","SM 36:0","SPL",1,733.6,184.1,"+",254613
"SPL02","SM 37:3","SPL",1,741.6,184.1,"+",7708
"SPL02","SM 37:2","SPL",1,743.6,184.1,"+",16539
"SPL02","SM 37:1","SPL",1,745.6,184.1,"+",88932
"SPL02","SM 37:0","SPL",1,747.6,184.1,"+",25596
"SPL02","SM 38:4","SPL",1,753.6,184.1,"+",8953
"SPL02","SM 38:3","SPL",1,755.6,184.1,"+",49960
"SPL02","SM 38:2","SPL",1,757.6,184.1,"+",697028
"SPL02","SM 38:1","SPL",1,759.6,184.1,"+",1744694
"SPL02","SM 38:0","SPL",1,761.7,184.1,"+",190948
"SPL02","SM 39:5","SPL",1,765.6,184.1,"+",838
"SPL02","SM 39:4","SPL",1,767.6,184.1,"+",4061
"SPL02","SM 39:3","SPL",1,769.6,184.1,"+",8822
"SPL02","SM 39:2","SPL",1,771.6,184.1,"+",42113
"SPL02","SM 39:1","SPL",1,773.7,184.1,"+",506874
"SPL02","SM 39:0","SPL",1,775.7,184.1,"+",63899
"SPL02","SM 40:6","SPL",1,777.6,184.1,"+",7876
"SPL02","SM 40:5","SPL",1,779.6,184.1,"+",7089
"SPL02","SM 40:4","SPL",1,781.6,184.1,"+",32901
"SPL02","SM 40:3","SPL",1,783.6,184.1,"+",254195
"SPL02","SM 40:2","SPL",1,785.7,184.1,"+",2860332
"SPL02","SM 40:1","SPL",1,787.7,184.1,"+",3289981
"SPL02","SM 40:0","SPL",1,789.7,184.1,"+",455647
"SPL02","SM 41:4","SPL",1,795.6,184.1,"+",12783
"SPL02","SM 41:3","SPL",1,797.6,184.1,"+",97099
"SPL02","SM 41:2","SPL",1,799.7,184.1,"+",858043
"SPL02","SM 41:1","SPL",1,801.7,184.1,"+",1303711
"SPL02","SM 41:0","SPL",1,803.7,184.1,"+",176658
"SPL02","SM 42:6","SPL",1,805.6,184.1,"+",34221
"SPL02","SM 42:5","SPL",1,807.6,184.1,"+",52528
"SPL02","SM 42:4","SPL",1,809.6,184.1,"+",254614
"SPL02","SM 42:3","SPL",1,811.7,184.1,"+",2870895
"SPL02","SM 42:2","SPL",1,813.7,184.1,"+",6423308
"SPL02","SM 42:1","SPL",1,815.7,184.1,"+",4154103
"SPL02","SM 42:0","SPL",1,817.7,184.1,"+",286262
"SPL02","SM 43:6","SPL",1,819.6,184.1,"+",11532
"SPL02","SM 43:5","SPL",1,821.6,184.1,"+",4123
"SPL02","SM 43:4","SPL",1,823.7,184.1,"+",6804
"SPL02","SM 43:3","SPL",1,825.7,184.1,"+",61193
"SPL02","SM 43:2","SPL",1,827.7,184.1,"+",212089
"SPL02","SM 43:1","SPL",1,829.7,184.1,"+",177328
"SPL02","SM 43:0","SPL",1,831.7,184.1,"+",71122
"SPL02","SM 44:6","SPL",1,833.6,184.1,"+",19382
"SPL02","SM 44:5","SPL",1,835.7,184.1,"+",13025
"SPL02","SM 44:4","SPL",1,837.7,184.1,"+",19433
"SPL02","SM 44:3","SPL",1,839.7,184.1,"+",39972
"SPL02","SM 44:2","SPL",1,841.7,184.1,"+",49964
"SPL02","SM 44:1","SPL",1,843.7,184.1,"+",20117
"SPL02","SM 44:0","SPL",1,845.7,184.1,"+",6796
"SPL03","SM 30:1 (IS)","SPL",1,647.6,184.1,"+",104529
"SPL03","SM 34:2","SPL",1,701.6,184.1,"+",1015147
"SPL03","SM 34:1","SPL",1,703.6,184.1,"+",7427002
"SPL03","SM 34:0","SPL",1,705.6,184.1,"+",1091919
"SPL03","SM 35:1","SPL",1,717.6,184.1,"+",203046
"SPL03","SM 35:0","SPL",1,719.6,184.1,"+",60609
"SPL03","SM 36:3","SPL",1,727.6,184.1,"+",69370
"SPL03","SM 36:2","SPL",1,729.6,184.1,"+",1242487
"SPL03","SM 36:1","SPL",1,731.6,184.1,"+",2380851
"SPL03","SM 36:0","SPL",1,733.6,184.1,"+",326034
"SPL03","SM 37:3","SPL",1,741.6,184.1,"+",6663
"SPL03","SM 37:2","SPL",1,743.6,184.1,"+",25165
"SPL03","SM 37:1","SPL",1,745.6,184.1,"+",134437
"SPL03","SM 37:0","SPL",1,747.6,184.1,"+",22573
"SPL03","SM 38:4","SPL",1,753.6,184.1,"+",10750
"SPL03","SM 38:3","SPL",1,755.6,184.1,"+",48159
"SPL03","SM 38:2","SPL",1,757.6,184.1,"+",614514
"SPL03","SM 38:1","SPL",1,759.6,184.1,"+",2057083
"SPL03","SM 38:0","SPL",1,761.7,184.1,"+",208789
"SPL03","SM 39:5","SPL",1,765.6,184.1,"+",997
"SPL03","SM 39:4","SPL",1,767.6,184.1,"+",3626
"SPL03","SM 39:3","SPL",1,769.6,184.1,"+",118387
"SPL03","SM 39:2","SPL",1,771.6,184.1,"+",56907
"SPL03","SM 39:1","SPL",1,773.7,184.1,"+",547768
"SPL03","SM 39:0","SPL",1,775.7,184.1,"+",69164
"SPL03","SM 40:6","SPL",1,777.6,184.1,"+",7061
"SPL03","SM 40:5","SPL",1,779.6,184.1,"+",7916
"SPL03","SM 40:4","SPL",1,781.6,184.1,"+",18331
"SPL03","SM 40:3","SPL",1,783.6,184.1,"+",159385
"SPL03","SM 40:2","SPL",1,785.7,184.1,"+",2110071
"SPL03","SM 40:1","SPL",1,787.7,184.1,"+",3636605
"SPL03","SM 40:0","SPL",1,789.7,184.1,"+",376434
"SPL03","SM 41:4","SPL",1,795.6,184.1,"+",8801
"SPL03","SM 41:3","SPL",1,797.6,184.1,"+",112090
"SPL03","SM 41:2","SPL",1,799.7,184.1,"+",856149
"SPL03","SM 41:1","SPL",1,801.7,184.1,"+",1456471
"SPL03","SM 41:0","SPL",1,803.7,184.1,"+",158526
"SPL03","SM 42:6","SPL",1,805.6,184.1,"+",29582
"SPL03","SM 42:5","SPL",1,807.6,184.1,"+",43372
"SPL03","SM 42:4","SPL",1,809.6,184.1,"+",294421
"SPL03","SM 42:3","SPL",1,811.7,184.1,"+",2489884
"SPL03","SM 42:2","SPL",1,813.7,184.1,"+",7535044
"SPL03","SM 42:1","SPL",1,815.7,184.1,"+",3771619
"SPL03","SM 42:0","SPL",1,817.7,184.1,"+",282924
"SPL03","SM 43:6","SPL",1,819.6,184.1,"+",12733
"SPL03","SM 43:5","SPL",1,821.6,184.1,"+",3720
"SPL03","SM 43:4","SPL",1,823.7,184.1,"+",6494
"SPL03","SM 43:3","SPL",1,825.7,184.1,"+",59661
"SPL03","SM 43:2","SPL",1,827.7,184.1,"+",184051
"SPL03","SM 43:1","SPL",1,829.7,184.1,"+",158875
"SPL03","SM 43:0","SPL",1,831.7,184.1,"+",66735
"SPL03","SM 44:6","SPL",1,833.6,184.1,"+",19700
"SPL03","SM 44:5","SPL",1,835.7,184.1,"+",14918
"SPL03","SM 44:4","SPL",1,837.7,184.1,"+",17840
"SPL03","SM 44:3","SPL",1,839.7,184.1,"+",37374
"SPL03","SM 44:2","SPL",1,841.7,184.1,"+",44609
"SPL03","SM 44:1","SPL",1,843.7,184.1,"+",20095
"SPL03","SM 44:0","SPL",1,845.7,184.1,"+",6146
"SPL04","SM 30:1 (IS)","SPL",1,647.6,184.1,"+",96525
"SPL04","SM 34:2","SPL",1,701.6,184.1,"+",934372
"SPL04","SM 34:1","SPL",1,703.6,184.1,"+",7707422
"SPL04","SM 34:0","SPL",1,705.6,184.1,"+",1075830
"SPL04","SM 35:1","SPL",1,717.6,184.1,"+",247677
"SPL04","SM 35:0","SPL",1,719.6,184.1,"+",52548
"SPL04","SM 36:3","SPL",1,727.6,184.1,"+",75592
"SPL04","SM 36:2","SPL",1,729.6,184.1,"+",1152496
"SPL04","SM 36:1","SPL",1,731.6,184.1,"+",2183987
"SPL04","SM 36:0","SPL",1,733.6,184.1,"+",265950
"SPL04","SM 37:3","SPL",1,741.6,184.1,"+",6331
"SPL04","SM 37:2","SPL",1,743.6,184.1,"+",24662
"SPL04","SM 37:1","SPL",1,745.6,184.1,"+",124970
"SPL04","SM 37:0","SPL",1,747.6,184.1,"+",18376
"SPL04","SM 38:4","SPL",1,753.6,184.1,"+",9295
"SPL04","SM 38:3","SPL",1,755.6,184.1,"+",44517
"SPL04","SM 38:2","SPL",1,757.6,184.1,"+",679499
"SPL04","SM 38:1","SPL",1,759.6,184.1,"+",1494413
"SPL04","SM 38:0","SPL",1,761.7,184.1,"+",201389
"SPL04","SM 39:5","SPL",1,765.6,184.1,"+",1140
"SPL04","SM 39:4","SPL",1,767.6,184.1,"+",3654
"SPL04","SM 39:3","SPL",1,769.6,184.1,"+",9769
"SPL04","SM 39:2","SPL",1,771.6,184.1,"+",31494
"SPL04","SM 39:1","SPL",1,773.7,184.1,"+",479987
"SPL04","SM 39:0","SPL",1,775.7,184.1,"+",54476
"SPL04","SM 40:6","SPL",1,777.6,184.1,"+",7251
"SPL04","SM 40:5","SPL",1,779.6,184.1,"+",6549
"SPL04","SM 40:4","SPL",1,781.6,184.1,"+",36649
"SPL04","SM 40:3","SPL",1,783.6,184.1,"+",117390
"SPL04","SM 40:2","SPL",1,785.7,184.1,"+",2511776
"SPL04","SM 40:1","SPL",1,787.7,184.1,"+",3526238
"SPL04","SM 40:0","SPL",1,789.7,184.1,"+",341279
"SPL04","SM 41:4","SPL",1,795.6,184.1,"+",11311
"SPL04","SM 41:3","SPL",1,797.6,184.1,"+",81890
"SPL04","SM 41:2","SPL",1,799.7,184.1,"+",879190
"SPL04","SM 41:1","SPL",1,801.7,184.1,"+",1099902
"SPL04","SM 41:0","SPL",1,803.7,184.1,"+",153449
"SPL04","SM 42:6","SPL",1,805.6,184.1,"+",32330
"SPL04","SM 42:5","SPL",1,807.6,184.1,"+",54655
"SPL04","SM 42:4","SPL",1,809.6,184.1,"+",295758
"SPL04","SM 42:3","SPL",1,811.7,184.1,"+",2517835
"SPL04","SM 42:2","SPL",1,813.7,184.1,"+",5155326
"SPL04","SM 42:1","SPL",1,815.7,184.1,"+",3026910
"SPL04","SM 42:0","SPL",1,817.7,184.1,"+",215293
"SPL04","SM 43:6","SPL",1,819.6,184.1,"+",10943
"SPL04","SM 43:5","SPL",1,821.6,184.1,"+",4081
"SPL04","SM 43:4","SPL",1,823.7,184.1,"+",6871
"SPL04","SM 43:3","SPL",1,825.7,184.1,"+",55614
"SPL04","SM 43:2","SPL",1,827.7,184.1,"+",194132
"SPL04","SM 43:1","SPL",1,829.7,184.1,"+",156070
"SPL04","SM 43:0","SPL",1,831.7,184.1,"+",70845
"SPL04","SM 44:6","SPL",1,833.6,184.1,"+",19043
"SPL04","SM 44:5","SPL",1,835.7,184.1,"+",15026
"SPL04","SM 44:4","SPL",1,837.7,184.1,"+",16044
"SPL04","SM 44:3","SPL",1,839.7,184.1,"+",44553
"SPL04","SM 44:2","SPL",1,841.7,184.1,"+",45308
"SPL04","SM 44:1","SPL",1,843.7,184.1,"+",21570
"SPL04","SM 44:0","SPL",1,845.7,184.1,"+",6426
"SPL05","SM 30:1 (IS)","SPL",1,647.6,184.1,"+",89039
"SPL05","SM 34:2","SPL",1,701.6,184.1,"+",811009
"SPL05","SM 34:1","SPL",1,703.6,184.1,"+",3541348
"SPL05","SM 34:0","SPL",1,705.6,184.1,"+",1050466
"SPL05","SM 35:1","SPL",1,717.6,184.1,"+",268602
"SPL05","SM 35:0","SPL",1,719.6,184.1,"+",64440
"SPL05","SM 36:3","SPL",1,727.6,184.1,"+",73337
"SPL05","SM 36:2","SPL",1,729.6,184.1,"+",453997
"SPL05","SM 36:1","SPL",1,731.6,184.1,"+",2190895
"SPL05","SM 36:0","SPL",1,733.6,184.1,"+",329578
"SPL05","SM 37:3","SPL",1,741.6,184.1,"+",6148
"SPL05","SM 37:2","SPL",1,743.6,184.1,"+",24465
"SPL05","SM 37:1","SPL",1,745.6,184.1,"+",113084
"SPL05","SM 37:0","SPL",1,747.6,184.1,"+",21495
"SPL05","SM 38:4","SPL",1,753.6,184.1,"+",9070
"SPL05","SM 38:3","SPL",1,755.6,184.1,"+",42026
"SPL05","SM 38:2","SPL",1,757.6,184.1,"+",564879
"SPL05","SM 38:1","SPL",1,759.6,184.1,"+",1489417
"SPL05","SM 38:0","SPL",1,761.7,184.1,"+",215967
"SPL05","SM 39:5","SPL",1,765.6,184.1,"+",515
"SPL05","SM 39:4","SPL",1,767.6,184.1,"+",3407
"SPL05","SM 39:3","SPL",1,769.6,184.1,"+",9367
"SPL05","SM 39:2","SPL",1,771.6,184.1,"+",78378
"SPL05","SM 39:1","SPL",1,773.7,184.1,"+",415277
"SPL05","SM 39:0","SPL",1,775.7,184.1,"+",52932
"SPL05","SM 40:6","SPL",1,777.6,184.1,"+",7317
"SPL05","SM 40:5","SPL",1,779.6,184.1,"+",7113
"SPL05","SM 40:4","SPL",1,781.6,184.1,"+",34451
"SPL05","SM 40:3","SPL",1,783.6,184.1,"+",219461
"SPL05","SM 40:2","SPL",1,785.7,184.1,"+",2662848
"SPL05","SM 40:1","SPL",1,787.7,184.1,"+",3304170
"SPL05","SM 40:0","SPL",1,789.7,184.1,"+",380013
"SPL05","SM 41:4","SPL",1,795.6,184.1,"+",11558
"SPL05","SM 41:3","SPL",1,797.6,184.1,"+",76396
"SPL05","SM 41:2","SPL",1,799.7,184.1,"+",880774
"SPL05","SM 41:1","SPL",1,801.7,184.1,"+",1368221
"SPL05","SM 41:0","SPL",1,803.7,184.1,"+",144328
"SPL05","SM 42:6","SPL",1,805.6,184.1,"+",26968
"SPL05","SM 42:5","SPL",1,807.6,184.1,"+",43657
"SPL05","SM 42:4","SPL",1,809.6,184.1,"+",387418
"SPL05","SM 42:3","SPL",1,811.7,184.1,"+",2463970
"SPL05","SM 42:2","SPL",1,813.7,184.1,"+",6540697
"SPL05","SM 42:1","SPL",1,815.7,184.1,"+",2450633
"SPL05","SM 42:0","SPL",1,817.7,184.1,"+",254158
"SPL05","SM 43:6","SPL",1,819.6,184.1,"+",12846
"SPL05","SM 43:5","SPL",1,821.6,184.1,"+",4061
"SPL05","SM 43:4","SPL",1,823.7,184.1,"+",6156
"SPL05","SM 43:3","SPL",1,825.7,184.1,"+",57519
"SPL05","SM 43:2","SPL",1,827.7,184.1,"+",111242
"SPL05","SM 43:1","SPL",1,829.7,184.1,"+",174020
"SPL05","SM 43:0","SPL",1,831.7,184.1,"+",64995
"SPL05","SM 44:6","SPL",1,833.6,184.1,"+",16866
"SPL05","SM 44:5","SPL",1,835.7,184.1,"+",11998
"SPL05","SM 44:4","SPL",1,837.7,184.1,"+",16059
"SPL05","SM 44:3","SPL",1,839.7,184.1,"+",47596
"SPL05","SM 44:2","SPL",1,841.7,184.1,"+",44927
"SPL05","SM 44:1","SPL",1,843.7,184.1,"+",15761
"SPL05","SM 44:0","SPL",1,845.7,184.1,"+",7015
"SPL01","Cer d16:1/16:0","SPL",1,510.5,236.4,"+",4859
"SPL01","Cer d16:1/18:0","SPL",1,538.5,236.4,"+",5342
"SPL01","Cer d16:1/20:0","SPL",1,566.5,236.4,"+",7628
"SPL01","Cer d16:1/22:0","SPL",1,594.7,236.4,"+",22231
"SPL01","Cer d16:1/23:0","SPL",1,608.7,236.4,"+",10967
"SPL01","Cer d16:1/24:0","SPL",1,622.7,236.4,"+",46250
"SPL01","Cer d16:1/24:1","SPL",1,620.7,236.4,"+",10777
"SPL01","Cer d17:1/16:0","SPL",1,524.6,250.4,"+",4333
"SPL01","Cer d17:1/18:0","SPL",1,552.6,250.4,"+",2684
"SPL01","Cer d17:1/20:0","SPL",1,580.6,250.4,"+",998
"SPL01","Cer d17:1/22:0","SPL",1,608.6,250.4,"+",8811
"SPL01","Cer d17:1/23:0","SPL",1,622.6,250.4,"+",7668
"SPL01","Cer d17:1/24:0","SPL",1,636.6,250.4,"+",32135
"SPL01","Cer d17:1/24:1","SPL",1,634.6,250.4,"+",13182
"SPL01","Cer d18:1/16:0","SPL",1,538.5,264.3,"+",118213
"SPL01","Cer d18:1/18:0","SPL",1,566.6,264.3,"+",40605
"SPL01","Cer d18:1/19:0","SPL",1,580.5,264.3,"+",1196
"SPL01","Cer d18:1/20:0","SPL",1,594.6,264.3,"+",36065
"SPL01","Cer d18:1/21:0","SPL",1,608.6,264.3,"+",4727
"SPL01","Cer d18:1/22:0","SPL",1,622.6,264.3,"+",267652
"SPL01","Cer d18:1/23:0","SPL",1,636.6,264.3,"+",217604
"SPL01","Cer d18:1/24:0","SPL",1,650.6,264.3,"+",900293
"SPL01","Cer d18:1/24:1","SPL",1,648.6,264.3,"+",319001
"SPL01","Cer d18:1/26:1","SPL",1,676.7,264.3,"+",5414
"SPL01","Cer d18:2/16:0","SPL",1,536.5,262.3,"+",16150
"SPL01","Cer d18:2/17:0","SPL",1,550.5,262.3,"+",483
"SPL01","Cer d18:2/18:0","SPL",1,564.6,262.3,"+",8784
"SPL01","Cer d18:2/19:0","SPL",1,578.6,262.3,"+",288
"SPL01","Cer d18:2/20:0","SPL",1,592.6,262.3,"+",7812
"SPL01","Cer d18:2/21:0","SPL",1,606.6,262.3,"+",1127
"SPL01","Cer d18:2/22:0","SPL",1,620.6,262.3,"+",51363
"SPL01","Cer d18:2/23:0","SPL",1,634.6,262.3,"+",43972
"SPL01","Cer d18:2/24:0","SPL",1,648.6,262.3,"+",177502
"SPL01","Cer d18:2/24:1","SPL",1,646.6,262.3,"+",68450
"SPL01","Cer d18:2/26:1","SPL",1,674.6,262.3,"+",1326
"SPL01","Cer d19:1/16:0","SPL",1,552.6,278.3,"+",1323
"SPL01","Cer d19:1/18:0","SPL",1,580.6,278.3,"+",1299
"SPL01","Cer d19:1/20:0","SPL",1,608.6,278.3,"+",1022
"SPL01","Cer d19:1/22:0","SPL",1,636.6,278.3,"+",14674
"SPL01","Cer d19:1/23:0","SPL",1,650.6,278.3,"+",12853
"SPL01","Cer d19:1/24:0","SPL",1,664.6,278.3,"+",46817
"SPL01","Cer d19:1/24:1","SPL",1,662.6,278.3,"+",18192
"SPL01","Cer d20:1/16:0","SPL",1,566.6,292.3,"+",14
"SPL01","Cer d20:1/18:0","SPL",1,594.6,292.3,"+",177
"SPL01","Cer d20:1/20:0","SPL",1,622.6,292.3,"+",206
"SPL01","Cer d20:1/22:0","SPL",1,650.6,292.3,"+",3763
"SPL01","Cer d20:1/23:0","SPL",1,664.6,292.3,"+",1778
"SPL01","Cer d20:1/24:0","SPL",1,678.6,292.3,"+",7267
"SPL01","Cer d20:1/24:1","SPL",1,676.6,292.3,"+",3555
"SPL02","Cer d16:1/16:0","SPL",1,510.5,236.4,"+",5135
"SPL02","Cer d16:1/18:0","SPL",1,538.5,236.4,"+",5942
"SPL02","Cer d16:1/20:0","SPL",1,566.5,236.4,"+",7226
"SPL02","Cer d16:1/22:0","SPL",1,594.7,236.4,"+",20237
"SPL02","Cer d16:1/23:0","SPL",1,608.7,236.4,"+",11059
"SPL02","Cer d16:1/24:0","SPL",1,622.7,236.4,"+",32917
"SPL02","Cer d16:1/24:1","SPL",1,620.7,236.4,"+",12113
"SPL02","Cer d17:1/16:0","SPL",1,524.6,250.4,"+",1779
"SPL02","Cer d17:1/18:0","SPL",1,552.6,250.4,"+",2311
"SPL02","Cer d17:1/20:0","SPL",1,580.6,250.4,"+",1289
"SPL02","Cer d17:1/22:0","SPL",1,608.6,250.4,"+",7968
"SPL02","Cer d17:1/23:0","SPL",1,622.6,250.4,"+",9171
"SPL02","Cer d17:1/24:0","SPL",1,636.6,250.4,"+",30895
"SPL02","Cer d17:1/24:1","SPL",1,634.6,250.4,"+",12942
"SPL02","Cer d18:1/16:0","SPL",1,538.5,264.3,"+",59599
"SPL02","Cer d18:1/18:0","SPL",1,566.6,264.3,"+",37864
"SPL02","Cer d18:1/19:0","SPL",1,580.5,264.3,"+",1038
"SPL02","Cer d18:1/20:0","SPL",1,594.6,264.3,"+",35292
"SPL02","Cer d18:1/21:0","SPL",1,608.6,264.3,"+",4595
"SPL02","Cer d18:1/22:0","SPL",1,622.6,264.3,"+",170177
"SPL02","Cer d18:1/23:0","SPL",1,636.6,264.3,"+",219114
"SPL02","Cer d18:1/24:0","SPL",1,650.6,264.3,"+",890407
"SPL02","Cer d18:1/24:1","SPL",1,648.6,264.3,"+",314904
"SPL02","Cer d18:1/26:1","SPL",1,676.7,264.3,"+",5358
"SPL02","Cer d18:2/16:0","SPL",1,536.5,262.3,"+",12250
"SPL02","Cer d18:2/17:0","SPL",1,550.5,262.3,"+",307
"SPL02","Cer d18:2/18:0","SPL",1,564.6,262.3,"+",8243
"SPL02","Cer d18:2/19:0","SPL",1,578.6,262.3,"+",283
"SPL02","Cer d18:2/20:0","SPL",1,592.6,262.3,"+",8614
"SPL02","Cer d18:2/21:0","SPL",1,606.6,262.3,"+",990
"SPL02","Cer d18:2/22:0","SPL",1,620.6,262.3,"+",54876
"SPL02","Cer d18:2/23:0","SPL",1,634.6,262.3,"+",40274
"SPL02","Cer d18:2/24:0","SPL",1,648.6,262.3,"+",176382
"SPL02","Cer d18:2/24:1","SPL",1,646.6,262.3,"+",69269
"SPL02","Cer d18:2/26:1","SPL",1,674.6,262.3,"+",1096
"SPL02","Cer d19:1/16:0","SPL",1,552.6,278.3,"+",1288
"SPL02","Cer d19:1/18:0","SPL",1,580.6,278.3,"+",1200
"SPL02","Cer d19:1/20:0","SPL",1,608.6,278.3,"+",736
"SPL02","Cer d19:1/22:0","SPL",1,636.6,278.3,"+",15640
"SPL02","Cer d19:1/23:0","SPL",1,650.6,278.3,"+",12875
"SPL02","Cer d19:1/24:0","SPL",1,664.6,278.3,"+",38537
"SPL02","Cer d19:1/24:1","SPL",1,662.6,278.3,"+",16101
"SPL02","Cer d20:1/16:0","SPL",1,566.6,292.3,"+",161
"SPL02","Cer d20:1/18:0","SPL",1,594.6,292.3,"+",288
"SPL02","Cer d20:1/20:0","SPL",1,622.6,292.3,"+",110
"SPL02","Cer d20:1/22:0","SPL",1,650.6,292.3,"+",1616
"SPL02","Cer d20:1/23:0","SPL",1,664.6,292.3,"+",1293
"SPL02","Cer d20:1/24:0","SPL",1,678.6,292.3,"+",6782
"SPL02","Cer d20:1/24:1","SPL",1,676.6,292.3,"+",1823
"SPL03","Cer d16:1/16:0","SPL",1,510.5,236.4,"+",1959
"SPL03","Cer d16:1/18:0","SPL",1,538.5,236.4,"+",3046
"SPL03","Cer d16:1/20:0","SPL",1,566.5,236.4,"+",6187
"SPL03","Cer d16:1/22:0","SPL",1,594.7,236.4,"+",16024
"SPL03","Cer d16:1/23:0","SPL",1,608.7,236.4,"+",8516
"SPL03","Cer d16:1/24:0","SPL",1,622.7,236.4,"+",37032
"SPL03","Cer d16:1/24:1","SPL",1,620.7,236.4,"+",11113
"SPL03","Cer d17:1/16:0","SPL",1,524.6,250.4,"+",2332
"SPL03","Cer d17:1/18:0","SPL",1,552.6,250.4,"+",1884
"SPL03","Cer d17:1/20:0","SPL",1,580.6,250.4,"+",904
"SPL03","Cer d17:1/22:0","SPL",1,608.6,250.4,"+",7879
"SPL03","Cer d17:1/23:0","SPL",1,622.6,250.4,"+",6304
"SPL03","Cer d17:1/24:0","SPL",1,636.6,250.4,"+",23881
"SPL03","Cer d17:1/24:1","SPL",1,634.6,250.4,"+",10785
"SPL03","Cer d18:1/16:0","SPL",1,538.5,264.3,"+",101394
"SPL03","Cer d18:1/18:0","SPL",1,566.6,264.3,"+",32613
"SPL03","Cer d18:1/19:0","SPL",1,580.5,264.3,"+",1093
"SPL03","Cer d18:1/20:0","SPL",1,594.6,264.3,"+",29174
"SPL03","Cer d18:1/21:0","SPL",1,608.6,264.3,"+",3182
"SPL03","Cer d18:1/22:0","SPL",1,622.6,264.3,"+",198179
"SPL03","Cer d18:1/23:0","SPL",1,636.6,264.3,"+",186170
"SPL03","Cer d18:1/24:0","SPL",1,650.6,264.3,"+",721401
"SPL03","Cer d18:1/24:1","SPL",1,648.6,264.3,"+",310073
"SPL03","Cer d18:1/26:1","SPL",1,676.7,264.3,"+",4378
"SPL03","Cer d18:2/16:0","SPL",1,536.5,262.3,"+",6662
"SPL03","Cer d18:2/17:0","SPL",1,550.5,262.3,"+",478
"SPL03","Cer d18:2/18:0","SPL",1,564.6,262.3,"+",6825
"SPL03","Cer d18:2/19:0","SPL",1,578.6,262.3,"+",213
"SPL03","Cer d18:2/20:0","SPL",1,592.6,262.3,"+",7654
"SPL03","Cer d18:2/21:0","SPL",1,606.6,262.3,"+",972
"SPL03","Cer d18:2/22:0","SPL",1,620.6,262.3,"+",40263
"SPL03","Cer d18:2/23:0","SPL",1,634.6,262.3,"+",35484
"SPL03","Cer d18:2/24:0","SPL",1,648.6,262.3,"+",127446
"SPL03","Cer d18:2/24:1","SPL",1,646.6,262.3,"+",54689
"SPL03","Cer d18:2/26:1","SPL",1,674.6,262.3,"+",877
"SPL03","Cer d19:1/16:0","SPL",1,552.6,278.3,"+",875
"SPL03","Cer d19:1/18:0","SPL",1,580.6,278.3,"+",992
"SPL03","Cer d19:1/20:0","SPL",1,608.6,278.3,"+",980
"SPL03","Cer d19:1/22:0","SPL",1,636.6,278.3,"+",10910
"SPL03","Cer d19:1/23:0","SPL",1,650.6,278.3,"+",8775
"SPL03","Cer d19:1/24:0","SPL",1,664.6,278.3,"+",32006
"SPL03","Cer d19:1/24:1","SPL",1,662.6,278.3,"+",17576
"SPL03","Cer d20:1/16:0","SPL",1,566.6,292.3,"+",134
"SPL03","Cer d20:1/18:0","SPL",1,594.6,292.3,"+",197
"SPL03","Cer d20:1/20:0","SPL",1,622.6,292.3,"+",175
"SPL03","Cer d20:1/22:0","SPL",1,650.6,292.3,"+",2155
"SPL03","Cer d20:1/23:0","SPL",1,664.6,292.3,"+",1745
"SPL03","Cer d20:1/24:0","SPL",1,678.6,292.3,"+",6523
"SPL03","Cer d20:1/24:1","SPL",1,676.6,292.3,"+",2196
"SPL04","Cer d16:1/16:0","SPL",1,510.5,236.4,"+",2355
"SPL04","Cer d16:1/18:0","SPL",1,538.5,236.4,"+",4329
"SPL04","Cer d16:1/20:0","SPL",1,566.5,236.4,"+",3999
"SPL04","Cer d16:1/22:0","SPL",1,594.7,236.4,"+",11482
"SPL04","Cer d16:1/23:0","SPL",1,608.7,236.4,"+",7817
"SPL04","Cer d16:1/24:0","SPL",1,622.7,236.4,"+",35574
"SPL04","Cer d16:1/24:1","SPL",1,620.7,236.4,"+",8164
"SPL04","Cer d17:1/16:0","SPL",1,524.6,250.4,"+",1357
"SPL04","Cer d17:1/18:0","SPL",1,552.6,250.4,"+",1353
"SPL04","Cer d17:1/20:0","SPL",1,580.6,250.4,"+",680
"SPL04","Cer d17:1/22:0","SPL",1,608.6,250.4,"+",5658
"SPL04","Cer d17:1/23:0","SPL",1,622.6,250.4,"+",5541
"SPL04","Cer d17:1/24:0","SPL",1,636.6,250.4,"+",21282
"SPL04","Cer d17:1/24:1","SPL",1,634.6,250.4,"+",7920
"SPL04","Cer d18:1/16:0","SPL",1,538.5,264.3,"+",45321
"SPL04","Cer d18:1/18:0","SPL",1,566.6,264.3,"+",21398
"SPL04","Cer d18:1/19:0","SPL",1,580.5,264.3,"+",709
"SPL04","Cer d18:1/20:0","SPL",1,594.6,264.3,"+",21477
"SPL04","Cer d18:1/21:0","SPL",1,608.6,264.3,"+",3043
"SPL04","Cer d18:1/22:0","SPL",1,622.6,264.3,"+",162147
"SPL04","Cer d18:1/23:0","SPL",1,636.6,264.3,"+",141980
"SPL04","Cer d18:1/24:0","SPL",1,650.6,264.3,"+",658162
"SPL04","Cer d18:1/24:1","SPL",1,648.6,264.3,"+",214084
"SPL04","Cer d18:1/26:1","SPL",1,676.7,264.3,"+",4047
"SPL04","Cer d18:2/16:0","SPL",1,536.5,262.3,"+",9422
"SPL04","Cer d18:2/17:0","SPL",1,550.5,262.3,"+",237
"SPL04","Cer d18:2/18:0","SPL",1,564.6,262.3,"+",6913
"SPL04","Cer d18:2/19:0","SPL",1,578.6,262.3,"+",240
"SPL04","Cer d18:2/20:0","SPL",1,592.6,262.3,"+",5911
"SPL04","Cer d18:2/21:0","SPL",1,606.6,262.3,"+",620
"SPL04","Cer d18:2/22:0","SPL",1,620.6,262.3,"+",24155
"SPL04","Cer d18:2/23:0","SPL",1,634.6,262.3,"+",23966
"SPL04","Cer d18:2/24:0","SPL",1,648.6,262.3,"+",106364
"SPL04","Cer d18:2/24:1","SPL",1,646.6,262.3,"+",39181
"SPL04","Cer d18:2/26:1","SPL",1,674.6,262.3,"+",746
"SPL04","Cer d19:1/16:0","SPL",1,552.6,278.3,"+",898
"SPL04","Cer d19:1/18:0","SPL",1,580.6,278.3,"+",703
"SPL04","Cer d19:1/20:0","SPL",1,608.6,278.3,"+",863
"SPL04","Cer d19:1/22:0","SPL",1,636.6,278.3,"+",8262
"SPL04","Cer d19:1/23:0","SPL",1,650.6,278.3,"+",7581
"SPL04","Cer d19:1/24:0","SPL",1,664.6,278.3,"+",35086
"SPL04","Cer d19:1/24:1","SPL",1,662.6,278.3,"+",12561
"SPL04","Cer d20:1/16:0","SPL",1,566.6,292.3,"+",49
"SPL04","Cer d20:1/18:0","SPL",1,594.6,292.3,"+",158
"SPL04","Cer d20:1/20:0","SPL",1,622.6,292.3,"+",161
"SPL04","Cer d20:1/22:0","SPL",1,650.6,292.3,"+",2581
"SPL04","Cer d20:1/23:0","SPL",1,664.6,292.3,"+",1236
"SPL04","Cer d20:1/24:0","SPL",1,678.6,292.3,"+",5465
"SPL04","Cer d20:1/24:1","SPL",1,676.6,292.3,"+",2496
"SPL05","Cer d16:1/16:0","SPL",1,510.5,236.4,"+",2556
"SPL05","Cer d16:1/18:0","SPL",1,538.5,236.4,"+",2838
"SPL05","Cer d16:1/20:0","SPL",1,566.5,236.4,"+",3807
"SPL05","Cer d16:1/22:0","SPL",1,594.7,236.4,"+",9814
"SPL05","Cer d16:1/23:0","SPL",1,608.7,236.4,"+",6349
"SPL05","Cer d16:1/24:0","SPL",1,622.7,236.4,"+",28137
"SPL05","Cer d16:1/24:1","SPL",1,620.7,236.4,"+",7556
"SPL05","Cer d17:1/16:0","SPL",1,524.6,250.4,"+",2185
"SPL05","Cer d17:1/18:0","SPL",1,552.6,250.4,"+",1168
"SPL05","Cer d17:1/20:0","SPL",1,580.6,250.4,"+",649
"SPL05","Cer d17:1/22:0","SPL",1,608.6,250.4,"+",3743
"SPL05","Cer d17:1/23:0","SPL",1,622.6,250.4,"+",4740
"SPL05","Cer d17:1/24:0","SPL",1,636.6,250.4,"+",18592
"SPL05","Cer d17:1/24:1","SPL",1,634.6,250.4,"+",8650
"SPL05","Cer d18:1/16:0","SPL",1,538.5,264.3,"+",68386
"SPL05","Cer d18:1/18:0","SPL",1,566.6,264.3,"+",22563
"SPL05","Cer d18:1/19:0","SPL",1,580.5,264.3,"+",816
"SPL05","Cer d18:1/20:0","SPL",1,594.6,264.3,"+",19225
"SPL05","Cer d18:1/21:0","SPL",1,608.6,264.3,"+",2732
"SPL05","Cer d18:1/22:0","SPL",1,622.6,264.3,"+",184321
"SPL05","Cer d18:1/23:0","SPL",1,636.6,264.3,"+",141725
"SPL05","Cer d18:1/24:0","SPL",1,650.6,264.3,"+",604253
"SPL05","Cer d18:1/24:1","SPL",1,648.6,264.3,"+",184182
"SPL05","Cer d18:1/26:1","SPL",1,676.7,264.3,"+",3281
"SPL05","Cer d18:2/16:0","SPL",1,536.5,262.3,"+",9855
"SPL05","Cer d18:2/17:0","SPL",1,550.5,262.3,"+",270
"SPL05","Cer d18:2/18:0","SPL",1,564.6,262.3,"+",5150
"SPL05","Cer d18:2/19:0","SPL",1,578.6,262.3,"+",250
"SPL05","Cer d18:2/20:0","SPL",1,592.6,262.3,"+",6442
"SPL05","Cer d18:2/21:0","SPL",1,606.6,262.3,"+",575
"SPL05","Cer d18:2/22:0","SPL",1,620.6,262.3,"+",31206
"SPL05","Cer d18:2/23:0","SPL",1,634.6,262.3,"+",27259
"SPL05","Cer d18:2/24:0","SPL",1,648.6,262.3,"+",72293
"SPL05","Cer d18:2/24:1","SPL",1,646.6,262.3,"+",37956
"SPL05","Cer d18:2/26:1","SPL",1,674.6,262.3,"+",771
"SPL05","Cer d19:1/16:0","SPL",1,552.6,278.3,"+",901
"SPL05","Cer d19:1/18:0","SPL",1,580.6,278.3,"+",634
"SPL05","Cer d19:1/20:0","SPL",1,608.6,278.3,"+",1018
"SPL05","Cer d19:1/22:0","SPL",1,636.6,278.3,"+",9599
"SPL05","Cer d19:1/23:0","SPL",1,650.6,278.3,"+",8086
"SPL05","Cer d19:1/24:0","SPL",1,664.6,278.3,"+",19968
"SPL05","Cer d19:1/24:1","SPL",1,662.6,278.3,"+",11290
"SPL05","Cer d20:1/16:0","SPL",1,566.6,292.3,"+",122
"SPL05","Cer d20:1/18:0","SPL",1,594.6,292.3,"+",112
"SPL05","Cer d20:1/20:0","SPL",1,622.6,292.3,"+",160
"SPL05","Cer d20:1/22:0","SPL",1,650.6,292.3,"+",1589
"SPL05","Cer d20:1/23:0","SPL",1,664.6,292.3,"+",1189
"SPL05","Cer d20:1/24:0","SPL",1,678.6,292.3,"+",4779
"SPL05","Cer d20:1/24:1","SPL",1,676.6,292.3,"+",2424
"SPL01","dhCer d18:0/16:0","SPL",1,540.5,284.3,"+",5997
"SPL01","dhCer d18:0/18:0","SPL",1,568.6,284.3,"+",3490
"SPL01","dhCer d18:0/20:0","SPL",1,596.6,284.3,"+",1315
"SPL01","dhCer d18:0/22:0","SPL",1,624.6,284.3,"+",10619
"SPL01","dhCer d18:0/23:0","SPL",1,638.6,284.3,"+",5699
"SPL01","dhCer d18:0/24:0","SPL",1,652.7,284.3,"+",11060
"SPL01","dhCer d18:0/24:1","SPL",1,650.6,284.3,"+",5519
"SPL02","dhCer d18:0/16:0","SPL",1,540.5,284.3,"+",5327
"SPL02","dhCer d18:0/18:0","SPL",1,568.6,284.3,"+",3269
"SPL02","dhCer d18:0/20:0","SPL",1,596.6,284.3,"+",1526
"SPL02","dhCer d18:0/22:0","SPL",1,624.6,284.3,"+",5778
"SPL02","dhCer d18:0/23:0","SPL",1,638.6,284.3,"+",3777
"SPL02","dhCer d18:0/24:0","SPL",1,652.7,284.3,"+",10808
"SPL02","dhCer d18:0/24:1","SPL",1,650.6,284.3,"+",8607
"SPL03","dhCer d18:0/16:0","SPL",1,540.5,284.3,"+",5974
"SPL03","dhCer d18:0/18:0","SPL",1,568.6,284.3,"+",3338
"SPL03","dhCer d18:0/20:0","SPL",1,596.6,284.3,"+",1227
"SPL03","dhCer d18:0/22:0","SPL",1,624.6,284.3,"+",7501
"SPL03","dhCer d18:0/23:0","SPL",1,638.6,284.3,"+",3604
"SPL03","dhCer d18:0/24:0","SPL",1,652.7,284.3,"+",11079
"SPL03","dhCer d18:0/24:1","SPL",1,650.6,284.3,"+",4918
"SPL04","dhCer d18:0/16:0","SPL",1,540.5,284.3,"+",7507
"SPL04","dhCer d18:0/18:0","SPL",1,568.6,284.3,"+",2736
"SPL04","dhCer d18:0/20:0","SPL",1,596.6,284.3,"+",613
"SPL04","dhCer d18:0/22:0","SPL",1,624.6,284.3,"+",7054
"SPL04","dhCer d18:0/23:0","SPL",1,638.6,284.3,"+",2408
"SPL04","dhCer d18:0/24:0","SPL",1,652.7,284.3,"+",8937
"SPL04","dhCer d18:0/24:1","SPL",1,650.6,284.3,"+",4326
"SPL05","dhCer d18:0/16:0","SPL",1,540.5,284.3,"+",6830
"SPL05","dhCer d18:0/18:0","SPL",1,568.6,284.3,"+",3072
"SPL05","dhCer d18:0/20:0","SPL",1,596.6,284.3,"+",838
"SPL05","dhCer d18:0/22:0","SPL",1,624.6,284.3,"+",5176
"SPL05","dhCer d18:0/23:0","SPL",1,638.6,284.3,"+",2599
"SPL05","dhCer d18:0/24:0","SPL",1,652.7,284.3,"+",8962
"SPL05","dhCer d18:0/24:1","SPL",1,650.6,284.3,"+",3267
"SPL01","PC 14:0/16:0","SPL",1,750.5,255.2,"-",22620
"SPL01","PC 14:0/20:4","SPL",1,798.5,303.3,"-",313
"SPL01","PC 14:0/22:6","SPL",1,822.5,327.2,"-",95
"SPL01","PC 15:0/16:0","SPL",1,764.6,255.2,"-",3352
"SPL01","PC 15:0/18:1","SPL",1,790.6,281.2,"-",2981
"SPL01","PC 15:0/18:2","SPL",1,788.6,279.2,"-",174
"SPL01","PC 15:1/16:0","SPL",1,762.5,255.2,"-",728
"SPL01","PC 15:1/18:0","SPL",1,790.6,283.2,"-",538
"SPL01","PC 15:1/18:1","SPL",1,788.6,281.2,"-",3427
"SPL01","PC 16:0/14:0","SPL",1,750.5,227.2,"-",10967
"SPL01","PC 16:0/15:0","SPL",1,764.6,241.2,"-",2019
"SPL01","PC 16:0/16:0","SPL",1,778.6,255.2,"-",169453
"SPL01","PC 16:0/16:1","SPL",1,776.6,253.2,"-",23633
"SPL01","PC 16:0/17:0","SPL",1,792.6,269.2,"-",1453
"SPL01","PC 16:0/18:0","SPL",1,806.6,283.2,"-",12678
"SPL01","PC 16:0/18:1","SPL",1,804.6,281.2,"-",274724
"SPL01","PC 16:0/20:1","SPL",1,832.6,309.2,"-",4077
"SPL01","PC 16:0/20:3","SPL",1,828.6,305.2,"-",12381
"SPL01","PC 16:0/20:4","SPL",1,826.6,303.3,"-",64950
"SPL01","PC 16:0/22:1","SPL",1,860.6,337.2,"-",36
"SPL01","PC 16:0/22:4","SPL",1,854.6,331.3,"-",7636
"SPL01","PC 16:0/22:5","SPL",1,852.6,329.3,"-",5017
"SPL01","PC 16:0/22:6","SPL",1,850.6,327.2,"-",30294
"SPL01","PC 16:1/16:0","SPL",1,776.6,255.2,"-",22637
"SPL01","PC 16:1/16:1","SPL",1,774.5,253.2,"-",881
"SPL01","PC 16:1/18:1","SPL",1,802.6,281.2,"-",6664
"SPL01","PC 16:1/18:2","SPL",1,800.6,279.2,"-",238
"SPL01","PC 16:1/20:4","SPL",1,824.6,303.3,"-",913
"SPL01","PC 17:0/16:0","SPL",1,792.6,255.2,"-",1225
"SPL01","PC 17:0/18:2","SPL",1,816.6,279.2,"-",176
"SPL01","PC 17:1/18:1","SPL",1,816.6,281.2,"-",2850
"SPL01","PC 18:0/16:0","SPL",1,806.6,255.2,"-",16869
"SPL01","PC 18:0/18:0","SPL",1,834.6,283.2,"-",3421
"SPL01","PC 18:0/18:1","SPL",1,832.6,281.2,"-",56773
"SPL01","PC 18:0/18:2","SPL",1,830.6,279.2,"-",4756
"SPL01","PC 18:0/20:1","SPL",1,860.6,309.3,"-",892
"SPL01","PC 18:0/20:2","SPL",1,858.6,307.3,"-",702
"SPL01","PC 18:0/20:3","SPL",1,856.6,305.2,"-",8972
"SPL01","PC 18:0/20:4","SPL",1,854.6,303.2,"-",38920
"SPL01","PC 18:0/22:6","SPL",1,878.6,327.2,"-",24252
"SPL01","PC 18:1/15:1","SPL",1,788.6,239.2,"-",1
"SPL01","PC 18:1/16:0","SPL",1,804.6,255.2,"-",125764
"SPL01","PC 18:1/16:1","SPL",1,802.6,253.2,"-",3745
"SPL01","PC 18:1/17:1","SPL",1,816.6,267.2,"-",290
"SPL01","PC 18:1/18:0","SPL",1,832.6,283.2,"-",17252
"SPL01","PC 18:1/18:1","SPL",1,830.6,281.2,"-",29408
"SPL01","PC 18:1/18:2","SPL",1,828.6,279.2,"-",2142
"SPL01","PC 18:1/20:1","SPL",1,858.6,309.3,"-",889
"SPL01","PC 18:1/20:4","SPL",1,852.6,303.2,"-",9483
"SPL01","PC 18:1/22:6","SPL",1,876.6,327.2,"-",8216
"SPL01","PC 18:2/16:1","SPL",1,800.6,253.2,"-",246
"SPL01","PC 18:2/18:0","SPL",1,830.6,283.2,"-",2164
"SPL01","PC 18:2/18:1","SPL",1,828.6,281.2,"-",2270
"SPL01","PC 18:2/22:2","SPL",1,882.6,335.3,"-",1
"SPL01","PC 18:2/22:6","SPL",1,874.6,327.2,"-",317
"SPL01","PC 20:0/20:4","SPL",1,882.6,303.2,"-",225
"SPL01","PC 20:1/16:0","SPL",1,832.6,255.2,"-",4380
"SPL01","PC 20:1/18:0","SPL",1,860.6,283.2,"-",332
"SPL01","PC 20:1/18:1","SPL",1,858.6,281.2,"-",1644
"SPL01","PC 20:1/20:4","SPL",1,880.6,303.2,"-",1377
"SPL01","PC 20:2/18:0","SPL",1,858.6,283.2,"-",465
"SPL01","PC 20:3/16:0","SPL",1,828.6,255.2,"-",5722
"SPL01","PC 20:3/18:0","SPL",1,856.6,283.2,"-",2446
"SPL01","PC 20:3/22:6","SPL",1,900.6,327.2,"-",608
"SPL01","PC 20:4/14:0","SPL",1,798.5,227.2,"-",91
"SPL01","PC 20:4/16:0","SPL",1,826.6,255.2,"-",17800
"SPL01","PC 20:4/16:1","SPL",1,824.6,253.2,"-",290
"SPL01","PC 20:4/18:0","SPL",1,854.6,283.2,"-",11752
"SPL01","PC 20:4/18:1","SPL",1,852.6,281.2,"-",3591
"SPL01","PC 20:4/20:0","SPL",1,882.6,311.3,"-",23
"SPL01","PC 20:4/20:1","SPL",1,880.6,309.3,"-",481
"SPL01","PC 20:4/20:4","SPL",1,874.6,303.2,"-",366
"SPL01","PC 20:4/22:6","SPL",1,898.6,327.2,"-",695
"SPL01","PC 22:1/16:0","SPL",1,860.6,255.2,"-",34
"SPL01","PC 22:2/18:2","SPL",1,882.6,279.2,"-",3
"SPL01","PC 22:4/16:0","SPL",1,854.6,255.2,"-",2170
"SPL01","PC 22:5/16:0","SPL",1,852.6,255.2,"-",2891
"SPL01","PC 22:6/14:0","SPL",1,822.5,227.2,"-",103
"SPL01","PC 22:6/16:0","SPL",1,850.6,255.2,"-",14061
"SPL01","PC 22:6/18:0","SPL",1,878.6,283.2,"-",17469
"SPL01","PC 22:6/18:1","SPL",1,876.6,281.2,"-",4139
"SPL01","PC 22:6/18:2","SPL",1,874.6,279.2,"-",174
"SPL01","PC 22:6/20:3","SPL",1,900.6,305.3,"-",283
"SPL01","PC 22:6/20:4","SPL",1,898.6,303.2,"-",2188
"SPL01","PC 22:6/22:6","SPL",1,922.6,327.2,"-",2671
"SPL02","PC 14:0/16:0","SPL",1,750.5,255.2,"-",23484
"SPL02","PC 14:0/20:4","SPL",1,798.5,303.3,"-",437
"SPL02","PC 14:0/22:6","SPL",1,822.5,327.2,"-",204
"SPL02","PC 15:0/16:0","SPL",1,764.6,255.2,"-",3881
"SPL02","PC 15:0/18:1","SPL",1,790.6,281.2,"-",3127
"SPL02","PC 15:0/18:2","SPL",1,788.6,279.2,"-",312
"SPL02","PC 15:1/16:0","SPL",1,762.5,255.2,"-",829
"SPL02","PC 15:1/18:0","SPL",1,790.6,283.2,"-",587
"SPL02","PC 15:1/18:1","SPL",1,788.6,281.2,"-",2799
"SPL02","PC 16:0/14:0","SPL",1,750.5,227.2,"-",13413
"SPL02","PC 16:0/15:0","SPL",1,764.6,241.2,"-",2353
"SPL02","PC 16:0/16:0","SPL",1,778.6,255.2,"-",149829
"SPL02","PC 16:0/16:1","SPL",1,776.6,253.2,"-",24694
"SPL02","PC 16:0/17:0","SPL",1,792.6,269.2,"-",1636
"SPL02","PC 16:0/18:0","SPL",1,806.6,283.2,"-",13173
"SPL02","PC 16:0/18:1","SPL",1,804.6,281.2,"-",299353
"SPL02","PC 16:0/20:1","SPL",1,832.6,309.2,"-",4740
"SPL02","PC 16:0/20:3","SPL",1,828.6,305.2,"-",15935
"SPL02","PC 16:0/20:4","SPL",1,826.6,303.3,"-",77151
"SPL02","PC 16:0/22:1","SPL",1,860.6,337.2,"-",180
"SPL02","PC 16:0/22:4","SPL",1,854.6,331.3,"-",8147
"SPL02","PC 16:0/22:5","SPL",1,852.6,329.3,"-",5035
"SPL02","PC 16:0/22:6","SPL",1,850.6,327.2,"-",35972
"SPL02","PC 16:1/16:0","SPL",1,776.6,255.2,"-",23274
"SPL02","PC 16:1/16:1","SPL",1,774.5,253.2,"-",666
"SPL02","PC 16:1/18:1","SPL",1,802.6,281.2,"-",7032
"SPL02","PC 16:1/18:2","SPL",1,800.6,279.2,"-",353
"SPL02","PC 16:1/20:4","SPL",1,824.6,303.3,"-",1356
"SPL02","PC 17:0/16:0","SPL",1,792.6,255.2,"-",1504
"SPL02","PC 17:0/18:2","SPL",1,816.6,279.2,"-",141
"SPL02","PC 17:1/18:1","SPL",1,816.6,281.2,"-",2699
"SPL02","PC 18:0/16:0","SPL",1,806.6,255.2,"-",20402
"SPL02","PC 18:0/18:0","SPL",1,834.6,283.2,"-",4744
"SPL02","PC 18:0/18:1","SPL",1,832.6,281.2,"-",72510
"SPL02","PC 18:0/18:2","SPL",1,830.6,279.2,"-",5144
"SPL02","PC 18:0/20:1","SPL",1,860.6,309.3,"-",1144
"SPL02","PC 18:0/20:2","SPL",1,858.6,307.3,"-",950
"SPL02","PC 18:0/20:3","SPL",1,856.6,305.2,"-",9887
"SPL02","PC 18:0/20:4","SPL",1,854.6,303.2,"-",46162
"SPL02","PC 18:0/22:6","SPL",1,878.6,327.2,"-",28693
"SPL02","PC 18:1/15:1","SPL",1,788.6,239.2,"-",2
"SPL02","PC 18:1/16:0","SPL",1,804.6,255.2,"-",132387
"SPL02","PC 18:1/16:1","SPL",1,802.6,253.2,"-",3792
"SPL02","PC 18:1/17:1","SPL",1,816.6,267.2,"-",410
"SPL02","PC 18:1/18:0","SPL",1,832.6,283.2,"-",20682
"SPL02","PC 18:1/18:1","SPL",1,830.6,281.2,"-",33772
"SPL02","PC 18:1/18:2","SPL",1,828.6,279.2,"-",2814
"SPL02","PC 18:1/20:1","SPL",1,858.6,309.3,"-",1119
"SPL02","PC 18:1/20:4","SPL",1,852.6,303.2,"-",11715
"SPL02","PC 18:1/22:6","SPL",1,876.6,327.2,"-",8430
"SPL02","PC 18:2/16:1","SPL",1,800.6,253.2,"-",190
"SPL02","PC 18:2/18:0","SPL",1,830.6,283.2,"-",1975
"SPL02","PC 18:2/18:1","SPL",1,828.6,281.2,"-",2233
"SPL02","PC 18:2/22:2","SPL",1,882.6,335.3,"-",2
"SPL02","PC 18:2/22:6","SPL",1,874.6,327.2,"-",446
"SPL02","PC 20:0/20:4","SPL",1,882.6,303.2,"-",234
"SPL02","PC 20:1/16:0","SPL",1,832.6,255.2,"-",4541
"SPL02","PC 20:1/18:0","SPL",1,860.6,283.2,"-",591
"SPL02","PC 20:1/18:1","SPL",1,858.6,281.2,"-",1955
"SPL02","PC 20:1/20:4","SPL",1,880.6,303.2,"-",841
"SPL02","PC 20:2/18:0","SPL",1,858.6,283.2,"-",456
"SPL02","PC 20:3/16:0","SPL",1,828.6,255.2,"-",6121
"SPL02","PC 20:3/18:0","SPL",1,856.6,283.2,"-",3345
"SPL02","PC 20:3/22:6","SPL",1,900.6,327.2,"-",510
"SPL02","PC 20:4/14:0","SPL",1,798.5,227.2,"-",95
"SPL02","PC 20:4/16:0","SPL",1,826.6,255.2,"-",18787
"SPL02","PC 20:4/16:1","SPL",1,824.6,253.2,"-",299
"SPL02","PC 20:4/18:0","SPL",1,854.6,283.2,"-",15553
"SPL02","PC 20:4/18:1","SPL",1,852.6,281.2,"-",3521
"SPL02","PC 20:4/20:0","SPL",1,882.6,311.3,"-",58
"SPL02","PC 20:4/20:1","SPL",1,880.6,309.3,"-",513
"SPL02","PC 20:4/20:4","SPL",1,874.6,303.2,"-",732
"SPL02","PC 20:4/22:6","SPL",1,898.6,327.2,"-",716
"SPL02","PC 22:1/16:0","SPL",1,860.6,255.2,"-",118
"SPL02","PC 22:2/18:2","SPL",1,882.6,279.2,"-",1
"SPL02","PC 22:4/16:0","SPL",1,854.6,255.2,"-",2333
"SPL02","PC 22:5/16:0","SPL",1,852.6,255.2,"-",2800
"SPL02","PC 22:6/14:0","SPL",1,822.5,227.2,"-",207
"SPL02","PC 22:6/16:0","SPL",1,850.6,255.2,"-",15639
"SPL02","PC 22:6/18:0","SPL",1,878.6,283.2,"-",15667
"SPL02","PC 22:6/18:1","SPL",1,876.6,281.2,"-",5330
"SPL02","PC 22:6/18:2","SPL",1,874.6,279.2,"-",265
"SPL02","PC 22:6/20:3","SPL",1,900.6,305.3,"-",286
"SPL02","PC 22:6/20:4","SPL",1,898.6,303.2,"-",1484
"SPL02","PC 22:6/22:6","SPL",1,922.6,327.2,"-",2840
"SPL03","PC 14:0/16:0","SPL",1,750.5,255.2,"-",23402
"SPL03","PC 14:0/20:4","SPL",1,798.5,303.3,"-",228
"SPL03","PC 14:0/22:6","SPL",1,822.5,327.2,"-",214
"SPL03","PC 15:0/16:0","SPL",1,764.6,255.2,"-",5021
"SPL03","PC 15:0/18:1","SPL",1,790.6,281.2,"-",3221
"SPL03","PC 15:0/18:2","SPL",1,788.6,279.2,"-",139
"SPL03","PC 15:1/16:0","SPL",1,762.5,255.2,"-",956
"SPL03","PC 15:1/18:0","SPL",1,790.6,283.2,"-",488
"SPL03","PC 15:1/18:1","SPL",1,788.6,281.2,"-",3899
"SPL03","PC 16:0/14:0","SPL",1,750.5,227.2,"-",14214
"SPL03","PC 16:0/15:0","SPL",1,764.6,241.2,"-",2673
"SPL03","PC 16:0/16:0","SPL",1,778.6,255.2,"-",161517
"SPL03","PC 16:0/16:1","SPL",1,776.6,253.2,"-",24435
"SPL03","PC 16:0/17:0","SPL",1,792.6,269.2,"-",1573
"SPL03","PC 16:0/18:0","SPL",1,806.6,283.2,"-",11779
"SPL03","PC 16:0/18:1","SPL",1,804.6,281.2,"-",380336
"SPL03","PC 16:0/20:1","SPL",1,832.6,309.2,"-",4397
"SPL03","PC 16:0/20:3","SPL",1,828.6,305.2,"-",13861
"SPL03","PC 16:0/20:4","SPL",1,826.6,303.3,"-",83564
"SPL03","PC 16:0/22:1","SPL",1,860.6,337.2,"-",156
"SPL03","PC 16:0/22:4","SPL",1,854.6,331.3,"-",7624
"SPL03","PC 16:0/22:5","SPL",1,852.6,329.3,"-",4938
"SPL03","PC 16:0/22:6","SPL",1,850.6,327.2,"-",26484
"SPL03","PC 16:1/16:0","SPL",1,776.6,255.2,"-",25167
"SPL03","PC 16:1/16:1","SPL",1,774.5,253.2,"-",843
"SPL03","PC 16:1/18:1","SPL",1,802.6,281.2,"-",6886
"SPL03","PC 16:1/18:2","SPL",1,800.6,279.2,"-",219
"SPL03","PC 16:1/20:4","SPL",1,824.6,303.3,"-",1825
"SPL03","PC 17:0/16:0","SPL",1,792.6,255.2,"-",1664
"SPL03","PC 17:0/18:2","SPL",1,816.6,279.2,"-",222
"SPL03","PC 17:1/18:1","SPL",1,816.6,281.2,"-",2516
"SPL03","PC 18:0/16:0","SPL",1,806.6,255.2,"-",18884
"SPL03","PC 18:0/18:0","SPL",1,834.6,283.2,"-",4040
"SPL03","PC 18:0/18:1","SPL",1,832.6,281.2,"-",74053
"SPL03","PC 18:0/18:2","SPL",1,830.6,279.2,"-",5440
"SPL03","PC 18:0/20:1","SPL",1,860.6,309.3,"-",1175
"SPL03","PC 18:0/20:2","SPL",1,858.6,307.3,"-",626
"SPL03","PC 18:0/20:3","SPL",1,856.6,305.2,"-",10412
"SPL03","PC 18:0/20:4","SPL",1,854.6,303.2,"-",43334
"SPL03","PC 18:0/22:6","SPL",1,878.6,327.2,"-",27783
"SPL03","PC 18:1/15:1","SPL",1,788.6,239.2,"-",20
"SPL03","PC 18:1/16:0","SPL",1,804.6,255.2,"-",145926
"SPL03","PC 18:1/16:1","SPL",1,802.6,253.2,"-",3166
"SPL03","PC 18:1/17:1","SPL",1,816.6,267.2,"-",473
"SPL03","PC 18:1/18:0","SPL",1,832.6,283.2,"-",22586
"SPL03","PC 18:1/18:1","SPL",1,830.6,281.2,"-",32857
"SPL03","PC 18:1/18:2","SPL",1,828.6,279.2,"-",1792
"SPL03","PC 18:1/20:1","SPL",1,858.6,309.3,"-",1347
"SPL03","PC 18:1/20:4","SPL",1,852.6,303.2,"-",10486
"SPL03","PC 18:1/22:6","SPL",1,876.6,327.2,"-",8267
"SPL03","PC 18:2/16:1","SPL",1,800.6,253.2,"-",340
"SPL03","PC 18:2/18:0","SPL",1,830.6,283.2,"-",1925
"SPL03","PC 18:2/18:1","SPL",1,828.6,281.2,"-",2400
"SPL03","PC 18:2/22:2","SPL",1,882.6,335.3,"-",2
"SPL03","PC 18:2/22:6","SPL",1,874.6,327.2,"-",398
"SPL03","PC 20:0/20:4","SPL",1,882.6,303.2,"-",284
"SPL03","PC 20:1/16:0","SPL",1,832.6,255.2,"-",4566
"SPL03","PC 20:1/18:0","SPL",1,860.6,283.2,"-",491
"SPL03","PC 20:1/18:1","SPL",1,858.6,281.2,"-",1737
"SPL03","PC 20:1/20:4","SPL",1,880.6,303.2,"-",1376
"SPL03","PC 20:2/18:0","SPL",1,858.6,283.2,"-",480
"SPL03","PC 20:3/16:0","SPL",1,828.6,255.2,"-",7147
"SPL03","PC 20:3/18:0","SPL",1,856.6,283.2,"-",2869
"SPL03","PC 20:3/22:6","SPL",1,900.6,327.2,"-",492
"SPL03","PC 20:4/14:0","SPL",1,798.5,227.2,"-",79
"SPL03","PC 20:4/16:0","SPL",1,826.6,255.2,"-",16182
"SPL03","PC 20:4/16:1","SPL",1,824.6,253.2,"-",340
"SPL03","PC 20:4/18:0","SPL",1,854.6,283.2,"-",15223
"SPL03","PC 20:4/18:1","SPL",1,852.6,281.2,"-",3487
"SPL03","PC 20:4/20:0","SPL",1,882.6,311.3,"-",31
"SPL03","PC 20:4/20:1","SPL",1,880.6,309.3,"-",706
"SPL03","PC 20:4/20:4","SPL",1,874.6,303.2,"-",590
"SPL03","PC 20:4/22:6","SPL",1,898.6,327.2,"-",579
"SPL03","PC 22:1/16:0","SPL",1,860.6,255.2,"-",99
"SPL03","PC 22:2/18:2","SPL",1,882.6,279.2,"-",1
"SPL03","PC 22:4/16:0","SPL",1,854.6,255.2,"-",2552
"SPL03","PC 22:5/16:0","SPL",1,852.6,255.2,"-",3471
"SPL03","PC 22:6/14:0","SPL",1,822.5,227.2,"-",108
"SPL03","PC 22:6/16:0","SPL",1,850.6,255.2,"-",15481
"SPL03","PC 22:6/18:0","SPL",1,878.6,283.2,"-",13382
"SPL03","PC 22:6/18:1","SPL",1,876.6,281.2,"-",5702
"SPL03","PC 22:6/18:2","SPL",1,874.6,279.2,"-",224
"SPL03","PC 22:6/20:3","SPL",1,900.6,305.3,"-",449
"SPL03","PC 22:6/20:4","SPL",1,898.6,303.2,"-",1692
"SPL03","PC 22:6/22:6","SPL",1,922.6,327.2,"-",3530
"SPL04","PC 14:0/16:0","SPL",1,750.5,255.2,"-",22219
"SPL04","PC 14:0/20:4","SPL",1,798.5,303.3,"-",304
"SPL04","PC 14:0/22:6","SPL",1,822.5,327.2,"-",189
"SPL04","PC 15:0/16:0","SPL",1,764.6,255.2,"-",4571
"SPL04","PC 15:0/18:1","SPL",1,790.6,281.2,"-",3807
"SPL04","PC 15:0/18:2","SPL",1,788.6,279.2,"-",208
"SPL04","PC 15:1/16:0","SPL",1,762.5,255.2,"-",663
"SPL04","PC 15:1/18:0","SPL",1,790.6,283.2,"-",528
"SPL04","PC 15:1/18:1","SPL",1,788.6,281.2,"-",3060
"SPL04","PC 16:0/14:0","SPL",1,750.5,227.2,"-",11245
"SPL04","PC 16:0/15:0","SPL",1,764.6,241.2,"-",2117
"SPL04","PC 16:0/16:0","SPL",1,778.6,255.2,"-",170092
"SPL04","PC 16:0/16:1","SPL",1,776.6,253.2,"-",20814
"SPL04","PC 16:0/17:0","SPL",1,792.6,269.2,"-",1664
"SPL04","PC 16:0/18:0","SPL",1,806.6,283.2,"-",12588
"SPL04","PC 16:0/18:1","SPL",1,804.6,281.2,"-",375507
"SPL04","PC 16:0/20:1","SPL",1,832.6,309.2,"-",4554
"SPL04","PC 16:0/20:3","SPL",1,828.6,305.2,"-",13805
"SPL04","PC 16:0/20:4","SPL",1,826.6,303.3,"-",64407
"SPL04","PC 16:0/22:1","SPL",1,860.6,337.2,"-",99
"SPL04","PC 16:0/22:4","SPL",1,854.6,331.3,"-",8268
"SPL04","PC 16:0/22:5","SPL",1,852.6,329.3,"-",4768
"SPL04","PC 16:0/22:6","SPL",1,850.6,327.2,"-",25896
"SPL04","PC 16:1/16:0","SPL",1,776.6,255.2,"-",21464
"SPL04","PC 16:1/16:1","SPL",1,774.5,253.2,"-",916
"SPL04","PC 16:1/18:1","SPL",1,802.6,281.2,"-",6255
"SPL04","PC 16:1/18:2","SPL",1,800.6,279.2,"-",296
"SPL04","PC 16:1/20:4","SPL",1,824.6,303.3,"-",1193
"SPL04","PC 17:0/16:0","SPL",1,792.6,255.2,"-",1721
"SPL04","PC 17:0/18:2","SPL",1,816.6,279.2,"-",59
"SPL04","PC 17:1/18:1","SPL",1,816.6,281.2,"-",2652
"SPL04","PC 18:0/16:0","SPL",1,806.6,255.2,"-",19435
"SPL04","PC 18:0/18:0","SPL",1,834.6,283.2,"-",3629
"SPL04","PC 18:0/18:1","SPL",1,832.6,281.2,"-",60005
"SPL04","PC 18:0/18:2","SPL",1,830.6,279.2,"-",5457
"SPL04","PC 18:0/20:1","SPL",1,860.6,309.3,"-",950
"SPL04","PC 18:0/20:2","SPL",1,858.6,307.3,"-",837
"SPL04","PC 18:0/20:3","SPL",1,856.6,305.2,"-",10258
"SPL04","PC 18:0/20:4","SPL",1,854.6,303.2,"-",42185
"SPL04","PC 18:0/22:6","SPL",1,878.6,327.2,"-",25702
"SPL04","PC 18:1/15:1","SPL",1,788.6,239.2,"-",5
"SPL04","PC 18:1/16:0","SPL",1,804.6,255.2,"-",117892
"SPL04","PC 18:1/16:1","SPL",1,802.6,253.2,"-",3677
"SPL04","PC 18:1/17:1","SPL",1,816.6,267.2,"-",257
"SPL04","PC 18:1/18:0","SPL",1,832.6,283.2,"-",17445
"SPL04","PC 18:1/18:1","SPL",1,830.6,281.2,"-",29971
"SPL04","PC 18:1/18:2","SPL",1,828.6,279.2,"-",2225
"SPL04","PC 18:1/20:1","SPL",1,858.6,309.3,"-",1155
"SPL04","PC 18:1/20:4","SPL",1,852.6,303.2,"-",10783
"SPL04","PC 18:1/22:6","SPL",1,876.6,327.2,"-",7212
"SPL04","PC 18:2/16:1","SPL",1,800.6,253.2,"-",163
"SPL04","PC 18:2/18:0","SPL",1,830.6,283.2,"-",1622
"SPL04","PC 18:2/18:1","SPL",1,828.6,281.2,"-",1956
"SPL04","PC 18:2/22:2","SPL",1,882.6,335.3,"-",3
"SPL04","PC 18:2/22:6","SPL",1,874.6,327.2,"-",356
"SPL04","PC 20:0/20:4","SPL",1,882.6,303.2,"-",255
"SPL04","PC 20:1/16:0","SPL",1,832.6,255.2,"-",5394
"SPL04","PC 20:1/18:0","SPL",1,860.6,283.2,"-",302
"SPL04","PC 20:1/18:1","SPL",1,858.6,281.2,"-",1540
"SPL04","PC 20:1/20:4","SPL",1,880.6,303.2,"-",1270
"SPL04","PC 20:2/18:0","SPL",1,858.6,283.2,"-",375
"SPL04","PC 20:3/16:0","SPL",1,828.6,255.2,"-",6132
"SPL04","PC 20:3/18:0","SPL",1,856.6,283.2,"-",2557
"SPL04","PC 20:3/22:6","SPL",1,900.6,327.2,"-",474
"SPL04","PC 20:4/14:0","SPL",1,798.5,227.2,"-",99
"SPL04","PC 20:4/16:0","SPL",1,826.6,255.2,"-",17062
"SPL04","PC 20:4/16:1","SPL",1,824.6,253.2,"-",290
"SPL04","PC 20:4/18:0","SPL",1,854.6,283.2,"-",12235
"SPL04","PC 20:4/18:1","SPL",1,852.6,281.2,"-",3381
"SPL04","PC 20:4/20:0","SPL",1,882.6,311.3,"-",60
"SPL04","PC 20:4/20:1","SPL",1,880.6,309.3,"-",563
"SPL04","PC 20:4/20:4","SPL",1,874.6,303.2,"-",483
"SPL04","PC 20:4/22:6","SPL",1,898.6,327.2,"-",537
"SPL04","PC 22:1/16:0","SPL",1,860.6,255.2,"-",63
"SPL04","PC 22:2/18:2","SPL",1,882.6,279.2,"-",3
"SPL04","PC 22:4/16:0","SPL",1,854.6,255.2,"-",2634
"SPL04","PC 22:5/16:0","SPL",1,852.6,255.2,"-",3384
"SPL04","PC 22:6/14:0","SPL",1,822.5,227.2,"-",110
"SPL04","PC 22:6/16:0","SPL",1,850.6,255.2,"-",15154
"SPL04","PC 22:6/18:0","SPL",1,878.6,283.2,"-",14801
"SPL04","PC 22:6/18:1","SPL",1,876.6,281.2,"-",4257
"SPL04","PC 22:6/18:2","SPL",1,874.6,279.2,"-",87
"SPL04","PC 22:6/20:3","SPL",1,900.6,305.3,"-",250
"SPL04","PC 22:6/20:4","SPL",1,898.6,303.2,"-",1856
"SPL04","PC 22:6/22:6","SPL",1,922.6,327.2,"-",2775
"SPL05","PC 14:0/16:0","SPL",1,750.5,255.2,"-",18412
"SPL05","PC 14:0/20:4","SPL",1,798.5,303.3,"-",188
"SPL05","PC 14:0/22:6","SPL",1,822.5,327.2,"-",116
"SPL05","PC 15:0/16:0","SPL",1,764.6,255.2,"-",4241
"SPL05","PC 15:0/18:1","SPL",1,790.6,281.2,"-",3101
"SPL05","PC 15:0/18:2","SPL",1,788.6,279.2,"-",161
"SPL05","PC 15:1/16:0","SPL",1,762.5,255.2,"-",689
"SPL05","PC 15:1/18:0","SPL",1,790.6,283.2,"-",566
"SPL05","PC 15:1/18:1","SPL",1,788.6,281.2,"-",2403
"SPL05","PC 16:0/14:0","SPL",1,750.5,227.2,"-",8365
"SPL05","PC 16:0/15:0","SPL",1,764.6,241.2,"-",2224
"SPL05","PC 16:0/16:0","SPL",1,778.6,255.2,"-",125927
"SPL05","PC 16:0/16:1","SPL",1,776.6,253.2,"-",21847
"SPL05","PC 16:0/17:0","SPL",1,792.6,269.2,"-",1561
"SPL05","PC 16:0/18:0","SPL",1,806.6,283.2,"-",11292
"SPL05","PC 16:0/18:1","SPL",1,804.6,281.2,"-",301708
"SPL05","PC 16:0/20:1","SPL",1,832.6,309.2,"-",4987
"SPL05","PC 16:0/20:3","SPL",1,828.6,305.2,"-",10996
"SPL05","PC 16:0/20:4","SPL",1,826.6,303.3,"-",59078
"SPL05","PC 16:0/22:1","SPL",1,860.6,337.2,"-",54
"SPL05","PC 16:0/22:4","SPL",1,854.6,331.3,"-",6817
"SPL05","PC 16:0/22:5","SPL",1,852.6,329.3,"-",4310
"SPL05","PC 16:0/22:6","SPL",1,850.6,327.2,"-",23374
"SPL05","PC 16:1/16:0","SPL",1,776.6,255.2,"-",16688
"SPL05","PC 16:1/16:1","SPL",1,774.5,253.2,"-",801
"SPL05","PC 16:1/18:1","SPL",1,802.6,281.2,"-",5228
"SPL05","PC 16:1/18:2","SPL",1,800.6,279.2,"-",394
"SPL05","PC 16:1/20:4","SPL",1,824.6,303.3,"-",1293
"SPL05","PC 17:0/16:0","SPL",1,792.6,255.2,"-",1469
"SPL05","PC 17:0/18:2","SPL",1,816.6,279.2,"-",83
"SPL05","PC 17:1/18:1","SPL",1,816.6,281.2,"-",2658
"SPL05","PC 18:0/16:0","SPL",1,806.6,255.2,"-",15282
"SPL05","PC 18:0/18:0","SPL",1,834.6,283.2,"-",3788
"SPL05","PC 18:0/18:1","SPL",1,832.6,281.2,"-",56123
"SPL05","PC 18:0/18:2","SPL",1,830.6,279.2,"-",4848
"SPL05","PC 18:0/20:1","SPL",1,860.6,309.3,"-",881
"SPL05","PC 18:0/20:2","SPL",1,858.6,307.3,"-",649
"SPL05","PC 18:0/20:3","SPL",1,856.6,305.2,"-",8485
"SPL05","PC 18:0/20:4","SPL",1,854.6,303.2,"-",37153
"SPL05","PC 18:0/22:6","SPL",1,878.6,327.2,"-",24973
"SPL05","PC 18:1/15:1","SPL",1,788.6,239.2,"-",2
"SPL05","PC 18:1/16:0","SPL",1,804.6,255.2,"-",108229
"SPL05","PC 18:1/16:1","SPL",1,802.6,253.2,"-",3224
"SPL05","PC 18:1/17:1","SPL",1,816.6,267.2,"-",513
"SPL05","PC 18:1/18:0","SPL",1,832.6,283.2,"-",18696
"SPL05","PC 18:1/18:1","SPL",1,830.6,281.2,"-",30702
"SPL05","PC 18:1/18:2","SPL",1,828.6,279.2,"-",1642
"SPL05","PC 18:1/20:1","SPL",1,858.6,309.3,"-",890
"SPL05","PC 18:1/20:4","SPL",1,852.6,303.2,"-",9064
"SPL05","PC 18:1/22:6","SPL",1,876.6,327.2,"-",8052
"SPL05","PC 18:2/16:1","SPL",1,800.6,253.2,"-",185
"SPL05","PC 18:2/18:0","SPL",1,830.6,283.2,"-",1560
"SPL05","PC 18:2/18:1","SPL",1,828.6,281.2,"-",1579
"SPL05","PC 18:2/22:2","SPL",1,882.6,335.3,"-",1
"SPL05","PC 18:2/22:6","SPL",1,874.6,327.2,"-",270
"SPL05","PC 20:0/20:4","SPL",1,882.6,303.2,"-",190
"SPL05","PC 20:1/16:0","SPL",1,832.6,255.2,"-",5199
"SPL05","PC 20:1/18:0","SPL",1,860.6,283.2,"-",366
"SPL05","PC 20:1/18:1","SPL",1,858.6,281.2,"-",1604
"SPL05","PC 20:1/20:4","SPL",1,880.6,303.2,"-",1247
"SPL05","PC 20:2/18:0","SPL",1,858.6,283.2,"-",203
"SPL05","PC 20:3/16:0","SPL",1,828.6,255.2,"-",6168
"SPL05","PC 20:3/18:0","SPL",1,856.6,283.2,"-",2403
"SPL05","PC 20:3/22:6","SPL",1,900.6,327.2,"-",345
"SPL05","PC 20:4/14:0","SPL",1,798.5,227.2,"-",12
"SPL05","PC 20:4/16:0","SPL",1,826.6,255.2,"-",16143
"SPL05","PC 20:4/16:1","SPL",1,824.6,253.2,"-",402
"SPL05","PC 20:4/18:0","SPL",1,854.6,283.2,"-",9426
"SPL05","PC 20:4/18:1","SPL",1,852.6,281.2,"-",2978
"SPL05","PC 20:4/20:0","SPL",1,882.6,311.3,"-",3
"SPL05","PC 20:4/20:1","SPL",1,880.6,309.3,"-",742
"SPL05","PC 20:4/20:4","SPL",1,874.6,303.2,"-",338
"SPL05","PC 20:4/22:6","SPL",1,898.6,327.2,"-",893
"SPL05","PC 22:1/16:0","SPL",1,860.6,255.2,"-",84
"SPL05","PC 22:2/18:2","SPL",1,882.6,279.2,"-",2
"SPL05","PC 22:4/16:0","SPL",1,854.6,255.2,"-",2308
"SPL05","PC 22:5/16:0","SPL",1,852.6,255.2,"-",2522
"SPL05","PC 22:6/14:0","SPL",1,822.5,227.2,"-",90
"SPL05","PC 22:6/16:0","SPL",1,850.6,255.2,"-",14787
"SPL05","PC 22:6/18:0","SPL",1,878.6,283.2,"-",11465
"SPL05","PC 22:6/18:1","SPL",1,876.6,281.2,"-",3193
"SPL05","PC 22:6/18:2","SPL",1,874.6,279.2,"-",225
"SPL05","PC 22:6/20:3","SPL",1,900.6,305.3,"-",300
"SPL05","PC 22:6/20:4","SPL",1,898.6,303.2,"-",1498
"SPL05","PC 22:6/22:6","SPL",1,922.6,327.2,"-",2472
"SPL01","PE 15:0/20:4","SPL",1,724.5,303.2,"-",5713
"SPL01","PE 15:0/22:6","SPL",1,748.5,327.2,"-",12677
"SPL01","PE 15:1/20:1","SPL",1,728.5,309.3,"-",10821
"SPL01","PE 15:1/20:4","SPL",1,722.5,303.2,"-",43428
"SPL01","PE 15:1/22:4","SPL",1,750.5,331.3,"-",94368
"SPL01","PE 15:1/22:6","SPL",1,746.5,327.2,"-",82478
"SPL01","PE 16:0/16:1","SPL",1,688.5,253.2,"-",13328
"SPL01","PE 16:0/18:0","SPL",1,718.5,283.2,"-",2835
"SPL01","PE 16:0/18:1","SPL",1,716.5,281.2,"-",67543
"SPL01","PE 16:0/18:2","SPL",1,714.5,279.2,"-",3273
"SPL01","PE 16:0/20:1","SPL",1,744.6,309.3,"-",1500
"SPL01","PE 16:0/20:2","SPL",1,742.6,307.3,"-",1499
"SPL01","PE 16:0/20:3","SPL",1,740.5,305.3,"-",8498
"SPL01","PE 16:0/20:4","SPL",1,738.5,303.2,"-",35129
"SPL01","PE 16:0/22:4","SPL",1,766.6,331.3,"-",28038
"SPL01","PE 16:0/22:5","SPL",1,764.6,329.2,"-",11213
"SPL01","PE 16:0/22:6","SPL",1,762.5,327.2,"-",77243
"SPL01","PE 16:1/16:0","SPL",1,688.5,255.2,"-",7943
"SPL01","PE 16:1/18:1","SPL",1,714.5,281.2,"-",17840
"SPL01","PE 16:1/22:6","SPL",1,760.5,327.2,"-",10185
"SPL01","PE 17:0/20:1","SPL",1,758.6,309.3,"-",388
"SPL01","PE 17:0/20:4","SPL",1,752.5,303.2,"-",10082
"SPL01","PE 17:0/22:6","SPL",1,776.5,327.2,"-",24891
"SPL01","PE 17:0/24:6","SPL",1,804.6,355.3,"-",88
"SPL01","PE 17:1/16:1","SPL",1,700.5,253.2,"-",4071
"SPL01","PE 17:1/18:1","SPL",1,728.5,281.2,"-",30607
"SPL01","PE 17:1/20:0","SPL",1,758.6,311.3,"-",250
"SPL01","PE 17:1/20:1","SPL",1,756.6,309.3,"-",6651
"SPL01","PE 17:1/20:3","SPL",1,752.5,305.3,"-",13796
"SPL01","PE 17:1/20:4","SPL",1,750.5,303.2,"-",136360
"SPL01","PE 17:1/22:4","SPL",1,778.6,331.3,"-",140859
"SPL01","PE 17:1/22:6","SPL",1,774.6,327.2,"-",367552
"SPL01","PE 17:1/24:5","SPL",1,804.6,357.3,"-",1708
"SPL01","PE 17:1/24:6","SPL",1,802.6,355.3,"-",1217
"SPL01","PE 17:2/16:0","SPL",1,700.5,255.2,"-",26367
"SPL01","PE 18:0/16:0","SPL",1,718.5,255.2,"-",1685
"SPL01","PE 18:0/18:1","SPL",1,744.6,281.2,"-",44860
"SPL01","PE 18:0/19:0","SPL",1,758.6,297.2,"-",149
"SPL01","PE 18:0/20:1","SPL",1,772.5,309.3,"-",2115
"SPL01","PE 18:0/20:3","SPL",1,768.6,305.3,"-",29005
"SPL01","PE 18:0/20:4","SPL",1,766.6,303.2,"-",172913
"SPL01","PE 18:0/22:4","SPL",1,794.6,331.3,"-",69085
"SPL01","PE 18:0/22:6","SPL",1,790.6,327.2,"-",289278
"SPL01","PE 18:1/16:0","SPL",1,716.5,255.2,"-",26790
"SPL01","PE 18:1/16:1","SPL",1,714.5,253.2,"-",10110
"SPL01","PE 18:1/17:1","SPL",1,728.5,267.3,"-",6547
"SPL01","PE 18:1/18:0","SPL",1,744.6,283.2,"-",17763
"SPL01","PE 18:1/18:1","SPL",1,742.6,281.2,"-",120782
"SPL01","PE 18:1/20:1","SPL",1,770.6,309.3,"-",4305
"SPL01","PE 18:1/20:2","SPL",1,768.6,307.3,"-",2997
"SPL01","PE 18:1/20:4","SPL",1,764.6,303.2,"-",55785
"SPL01","PE 18:1/22:4","SPL",1,792.6,331.3,"-",15304
"SPL01","PE 18:1/22:6","SPL",1,788.5,327.2,"-",31099
"SPL01","PE 18:2/16:0","SPL",1,714.5,255.2,"-",2351
"SPL01","PE 18:2/20:0","SPL",1,770.6,311.3,"-",62
"SPL01","PE 18:2/20:1","SPL",1,768.6,309.3,"-",567
"SPL01","PE 18:2/22:6","SPL",1,786.6,327.2,"-",2335
"SPL01","PE 19:1/18:0","SPL",1,758.6,283.2,"-",310
"SPL01","PE 19:1/22:6","SPL",1,802.6,327.2,"-",2288
"SPL01","PE 20:0/20:3","SPL",1,796.6,305.3,"-",94
"SPL01","PE 20:0/22:4","SPL",1,822.6,331.3,"-",248
"SPL01","PE 20:0/22:6","SPL",1,818.6,327.2,"-",468
"SPL01","PE 20:1/15:1","SPL",1,728.5,239.2,"-",19
"SPL01","PE 20:1/16:0","SPL",1,744.6,255.2,"-",807
"SPL01","PE 20:1/18:0","SPL",1,772.5,283.2,"-",21307
"SPL01","PE 20:1/18:1","SPL",1,770.6,281.2,"-",2596
"SPL01","PE 20:1/20:2","SPL",1,796.6,307.3,"-",11
"SPL01","PE 20:1/22:4","SPL",1,820.6,331.3,"-",673
"SPL01","PE 20:1/22:6","SPL",1,816.6,327.2,"-",2237
"SPL01","PE 20:2/16:0","SPL",1,742.6,255.2,"-",1247
"SPL01","PE 20:2/18:0","SPL",1,770.6,283.2,"-",1286
"SPL01","PE 20:2/18:1","SPL",1,768.6,281.2,"-",2484
"SPL01","PE 20:2/20:1","SPL",1,796.6,309.3,"-",86
"SPL01","PE 20:3/16:0","SPL",1,740.5,255.2,"-",3437
"SPL01","PE 20:3/18:0","SPL",1,768.6,283.2,"-",11200
"SPL01","PE 20:3/20:0","SPL",1,796.6,311.3,"-",63
"SPL01","PE 20:4/16:0","SPL",1,738.5,255.2,"-",13460
"SPL01","PE 20:4/18:0","SPL",1,766.6,283.2,"-",58765
"SPL01","PE 20:4/18:1","SPL",1,764.6,281.2,"-",23344
"SPL01","PE 20:4/20:0","SPL",1,822.6,311.3,"-",30
"SPL01","PE 22:4/16:0","SPL",1,766.6,255.2,"-",8562
"SPL01","PE 22:4/18:0","SPL",1,794.6,283.2,"-",20937
"SPL01","PE 22:4/18:1","SPL",1,792.6,281.2,"-",5689
"SPL01","PE 22:4/20:1","SPL",1,820.6,309.3,"-",213
"SPL01","PE 22:4/22:6","SPL",1,838.5,327.2,"-",8373
"SPL01","PE 22:5/16:0","SPL",1,764.6,255.2,"-",6589
"SPL01","PE 22:6/16:0","SPL",1,762.5,255.2,"-",42561
"SPL01","PE 22:6/16:1","SPL",1,760.5,253.2,"-",1151
"SPL01","PE 22:6/17:1","SPL",1,774.6,267.3,"-",3936
"SPL01","PE 22:6/18:0","SPL",1,790.6,283.2,"-",256004
"SPL01","PE 22:6/18:1","SPL",1,788.5,281.2,"-",20968
"SPL01","PE 22:6/18:2","SPL",1,786.6,279.2,"-",1066
"SPL01","PE 22:6/20:0","SPL",1,818.6,311.3,"-",240
"SPL01","PE 22:6/20:1","SPL",1,816.6,309.3,"-",1065
"SPL01","PE 22:6/22:4","SPL",1,838.5,331.3,"-",6773
"SPL01","PE 22:6/22:6","SPL",1,834.5,327.2,"-",14494
"SPL02","PE 15:0/20:4","SPL",1,724.5,303.2,"-",6375
"SPL02","PE 15:0/22:6","SPL",1,748.5,327.2,"-",11329
"SPL02","PE 15:1/20:1","SPL",1,728.5,309.3,"-",13197
"SPL02","PE 15:1/20:4","SPL",1,722.5,303.2,"-",38781
"SPL02","PE 15:1/22:4","SPL",1,750.5,331.3,"-",77852
"SPL02","PE 15:1/22:6","SPL",1,746.5,327.2,"-",71179
"SPL02","PE 16:0/16:1","SPL",1,688.5,253.2,"-",11189
"SPL02","PE 16:0/18:0","SPL",1,718.5,283.2,"-",2347
"SPL02","PE 16:0/18:1","SPL",1,716.5,281.2,"-",67521
"SPL02","PE 16:0/18:2","SPL",1,714.5,279.2,"-",3216
"SPL02","PE 16:0/20:1","SPL",1,744.6,309.3,"-",1426
"SPL02","PE 16:0/20:2","SPL",1,742.6,307.3,"-",1518
"SPL02","PE 16:0/20:3","SPL",1,740.5,305.3,"-",6850
"SPL02","PE 16:0/20:4","SPL",1,738.5,303.2,"-",37351
"SPL02","PE 16:0/22:4","SPL",1,766.6,331.3,"-",27656
"SPL02","PE 16:0/22:5","SPL",1,764.6,329.2,"-",8700
"SPL02","PE 16:0/22:6","SPL",1,762.5,327.2,"-",63512
"SPL02","PE 16:1/16:0","SPL",1,688.5,255.2,"-",6051
"SPL02","PE 16:1/18:1","SPL",1,714.5,281.2,"-",14805
"SPL02","PE 16:1/22:6","SPL",1,760.5,327.2,"-",8549
"SPL02","PE 17:0/20:1","SPL",1,758.6,309.3,"-",413
"SPL02","PE 17:0/20:4","SPL",1,752.5,303.2,"-",8590
"SPL02","PE 17:0/22:6","SPL",1,776.5,327.2,"-",20343
"SPL02","PE 17:0/24:6","SPL",1,804.6,355.3,"-",27
"SPL02","PE 17:1/16:1","SPL",1,700.5,253.2,"-",3362
"SPL02","PE 17:1/18:1","SPL",1,728.5,281.2,"-",31288
"SPL02","PE 17:1/20:0","SPL",1,758.6,311.3,"-",256
"SPL02","PE 17:1/20:1","SPL",1,756.6,309.3,"-",6147
"SPL02","PE 17:1/20:3","SPL",1,752.5,305.3,"-",12379
"SPL02","PE 17:1/20:4","SPL",1,750.5,303.2,"-",117489
"SPL02","PE 17:1/22:4","SPL",1,778.6,331.3,"-",150094
"SPL02","PE 17:1/22:6","SPL",1,774.6,327.2,"-",326003
"SPL02","PE 17:1/24:5","SPL",1,804.6,357.3,"-",1539
"SPL02","PE 17:1/24:6","SPL",1,802.6,355.3,"-",1164
"SPL02","PE 17:2/16:0","SPL",1,700.5,255.2,"-",22332
"SPL02","PE 18:0/16:0","SPL",1,718.5,255.2,"-",1652
"SPL02","PE 18:0/18:1","SPL",1,744.6,281.2,"-",49123
"SPL02","PE 18:0/19:0","SPL",1,758.6,297.2,"-",148
"SPL02","PE 18:0/20:1","SPL",1,772.5,309.3,"-",2160
"SPL02","PE 18:0/20:3","SPL",1,768.6,305.3,"-",29687
"SPL02","PE 18:0/20:4","SPL",1,766.6,303.2,"-",137857
"SPL02","PE 18:0/22:4","SPL",1,794.6,331.3,"-",61427
"SPL02","PE 18:0/22:6","SPL",1,790.6,327.2,"-",216915
"SPL02","PE 18:1/16:0","SPL",1,716.5,255.2,"-",21107
"SPL02","PE 18:1/16:1","SPL",1,714.5,253.2,"-",8025
"SPL02","PE 18:1/17:1","SPL",1,728.5,267.3,"-",5351
"SPL02","PE 18:1/18:0","SPL",1,744.6,283.2,"-",13356
"SPL02","PE 18:1/18:1","SPL",1,742.6,281.2,"-",121045
"SPL02","PE 18:1/20:1","SPL",1,770.6,309.3,"-",4391
"SPL02","PE 18:1/20:2","SPL",1,768.6,307.3,"-",2195
"SPL02","PE 18:1/20:4","SPL",1,764.6,303.2,"-",54947
"SPL02","PE 18:1/22:4","SPL",1,792.6,331.3,"-",13160
"SPL02","PE 18:1/22:6","SPL",1,788.5,327.2,"-",26559
"SPL02","PE 18:2/16:0","SPL",1,714.5,255.2,"-",1631
"SPL02","PE 18:2/20:0","SPL",1,770.6,311.3,"-",47
"SPL02","PE 18:2/20:1","SPL",1,768.6,309.3,"-",530
"SPL02","PE 18:2/22:6","SPL",1,786.6,327.2,"-",2255
"SPL02","PE 19:1/18:0","SPL",1,758.6,283.2,"-",273
"SPL02","PE 19:1/22:6","SPL",1,802.6,327.2,"-",2242
"SPL02","PE 20:0/20:3","SPL",1,796.6,305.3,"-",32
"SPL02","PE 20:0/22:4","SPL",1,822.6,331.3,"-",165
"SPL02","PE 20:0/22:6","SPL",1,818.6,327.2,"-",572
"SPL02","PE 20:1/15:1","SPL",1,728.5,239.2,"-",64
"SPL02","PE 20:1/16:0","SPL",1,744.6,255.2,"-",676
"SPL02","PE 20:1/18:0","SPL",1,772.5,283.2,"-",19681
"SPL02","PE 20:1/18:1","SPL",1,770.6,281.2,"-",2579
"SPL02","PE 20:1/20:2","SPL",1,796.6,307.3,"-",5
"SPL02","PE 20:1/22:4","SPL",1,820.6,331.3,"-",431
"SPL02","PE 20:1/22:6","SPL",1,816.6,327.2,"-",1734
"SPL02","PE 20:2/16:0","SPL",1,742.6,255.2,"-",1152
"SPL02","PE 20:2/18:0","SPL",1,770.6,283.2,"-",1036
"SPL02","PE 20:2/18:1","SPL",1,768.6,281.2,"-",2056
"SPL02","PE 20:2/20:1","SPL",1,796.6,309.3,"-",133
"SPL02","PE 20:3/16:0","SPL",1,740.5,255.2,"-",2899
"SPL02","PE 20:3/18:0","SPL",1,768.6,283.2,"-",12273
"SPL02","PE 20:3/20:0","SPL",1,796.6,311.3,"-",122
"SPL02","PE 20:4/16:0","SPL",1,738.5,255.2,"-",10968
"SPL02","PE 20:4/18:0","SPL",1,766.6,283.2,"-",55436
"SPL02","PE 20:4/18:1","SPL",1,764.6,281.2,"-",26073
"SPL02","PE 20:4/20:0","SPL",1,822.6,311.3,"-",7
"SPL02","PE 22:4/16:0","SPL",1,766.6,255.2,"-",7848
"SPL02","PE 22:4/18:0","SPL",1,794.6,283.2,"-",23855
"SPL02","PE 22:4/18:1","SPL",1,792.6,281.2,"-",4086
"SPL02","PE 22:4/20:1","SPL",1,820.6,309.3,"-",191
"SPL02","PE 22:4/22:6","SPL",1,838.5,327.2,"-",8125
"SPL02","PE 22:5/16:0","SPL",1,764.6,255.2,"-",5406
"SPL02","PE 22:6/16:0","SPL",1,762.5,255.2,"-",39302
"SPL02","PE 22:6/16:1","SPL",1,760.5,253.2,"-",804
"SPL02","PE 22:6/17:1","SPL",1,774.6,267.3,"-",3769
"SPL02","PE 22:6/18:0","SPL",1,790.6,283.2,"-",211183
"SPL02","PE 22:6/18:1","SPL",1,788.5,281.2,"-",20457
"SPL02","PE 22:6/18:2","SPL",1,786.6,279.2,"-",757
"SPL02","PE 22:6/20:0","SPL",1,818.6,311.3,"-",119
"SPL02","PE 22:6/20:1","SPL",1,816.6,309.3,"-",1145
"SPL02","PE 22:6/22:4","SPL",1,838.5,331.3,"-",6438
"SPL02","PE 22:6/22:6","SPL",1,834.5,327.2,"-",12839
"SPL03","PE 15:0/20:4","SPL",1,724.5,303.2,"-",5396
"SPL03","PE 15:0/22:6","SPL",1,748.5,327.2,"-",11454
"SPL03","PE 15:1/20:1","SPL",1,728.5,309.3,"-",9806
"SPL03","PE 15:1/20:4","SPL",1,722.5,303.2,"-",35082
"SPL03","PE 15:1/22:4","SPL",1,750.5,331.3,"-",77007
"SPL03","PE 15:1/22:6","SPL",1,746.5,327.2,"-",77928
"SPL03","PE 16:0/16:1","SPL",1,688.5,253.2,"-",10678
"SPL03","PE 16:0/18:0","SPL",1,718.5,283.2,"-",2187
"SPL03","PE 16:0/18:1","SPL",1,716.5,281.2,"-",64145
"SPL03","PE 16:0/18:2","SPL",1,714.5,279.2,"-",2996
"SPL03","PE 16:0/20:1","SPL",1,744.6,309.3,"-",1102
"SPL03","PE 16:0/20:2","SPL",1,742.6,307.3,"-",1076
"SPL03","PE 16:0/20:3","SPL",1,740.5,305.3,"-",6113
"SPL03","PE 16:0/20:4","SPL",1,738.5,303.2,"-",30001
"SPL03","PE 16:0/22:4","SPL",1,766.6,331.3,"-",24739
"SPL03","PE 16:0/22:5","SPL",1,764.6,329.2,"-",10163
"SPL03","PE 16:0/22:6","SPL",1,762.5,327.2,"-",62721
"SPL03","PE 16:1/16:0","SPL",1,688.5,255.2,"-",6499
"SPL03","PE 16:1/18:1","SPL",1,714.5,281.2,"-",14589
"SPL03","PE 16:1/22:6","SPL",1,760.5,327.2,"-",8436
"SPL03","PE 17:0/20:1","SPL",1,758.6,309.3,"-",423
"SPL03","PE 17:0/20:4","SPL",1,752.5,303.2,"-",7862
"SPL03","PE 17:0/22:6","SPL",1,776.5,327.2,"-",21279
"SPL03","PE 17:0/24:6","SPL",1,804.6,355.3,"-",81
"SPL03","PE 17:1/16:1","SPL",1,700.5,253.2,"-",3216
"SPL03","PE 17:1/18:1","SPL",1,728.5,281.2,"-",28837
"SPL03","PE 17:1/20:0","SPL",1,758.6,311.3,"-",203
"SPL03","PE 17:1/20:1","SPL",1,756.6,309.3,"-",6273
"SPL03","PE 17:1/20:3","SPL",1,752.5,305.3,"-",12124
"SPL03","PE 17:1/20:4","SPL",1,750.5,303.2,"-",117069
"SPL03","PE 17:1/22:4","SPL",1,778.6,331.3,"-",123580
"SPL03","PE 17:1/22:6","SPL",1,774.6,327.2,"-",345612
"SPL03","PE 17:1/24:5","SPL",1,804.6,357.3,"-",1687
"SPL03","PE 17:1/24:6","SPL",1,802.6,355.3,"-",1034
"SPL03","PE 17:2/16:0","SPL",1,700.5,255.2,"-",23278
"SPL03","PE 18:0/16:0","SPL",1,718.5,255.2,"-",1286
"SPL03","PE 18:0/18:1","SPL",1,744.6,281.2,"-",37126
"SPL03","PE 18:0/19:0","SPL",1,758.6,297.2,"-",64
"SPL03","PE 18:0/20:1","SPL",1,772.5,309.3,"-",2057
"SPL03","PE 18:0/20:3","SPL",1,768.6,305.3,"-",29834
"SPL03","PE 18:0/20:4","SPL",1,766.6,303.2,"-",120621
"SPL03","PE 18:0/22:4","SPL",1,794.6,331.3,"-",67558
"SPL03","PE 18:0/22:6","SPL",1,790.6,327.2,"-",215687
"SPL03","PE 18:1/16:0","SPL",1,716.5,255.2,"-",18764
"SPL03","PE 18:1/16:1","SPL",1,714.5,253.2,"-",8450
"SPL03","PE 18:1/17:1","SPL",1,728.5,267.3,"-",5643
"SPL03","PE 18:1/18:0","SPL",1,744.6,283.2,"-",12231
"SPL03","PE 18:1/18:1","SPL",1,742.6,281.2,"-",109881
"SPL03","PE 18:1/20:1","SPL",1,770.6,309.3,"-",3728
"SPL03","PE 18:1/20:2","SPL",1,768.6,307.3,"-",2071
"SPL03","PE 18:1/20:4","SPL",1,764.6,303.2,"-",54996
"SPL03","PE 18:1/22:4","SPL",1,792.6,331.3,"-",14101
"SPL03","PE 18:1/22:6","SPL",1,788.5,327.2,"-",27756
"SPL03","PE 18:2/16:0","SPL",1,714.5,255.2,"-",1604
"SPL03","PE 18:2/20:0","SPL",1,770.6,311.3,"-",34
"SPL03","PE 18:2/20:1","SPL",1,768.6,309.3,"-",448
"SPL03","PE 18:2/22:6","SPL",1,786.6,327.2,"-",2338
"SPL03","PE 19:1/18:0","SPL",1,758.6,283.2,"-",169
"SPL03","PE 19:1/22:6","SPL",1,802.6,327.2,"-",1733
"SPL03","PE 20:0/20:3","SPL",1,796.6,305.3,"-",96
"SPL03","PE 20:0/22:4","SPL",1,822.6,331.3,"-",263
"SPL03","PE 20:0/22:6","SPL",1,818.6,327.2,"-",518
"SPL03","PE 20:1/15:1","SPL",1,728.5,239.2,"-",89
"SPL03","PE 20:1/16:0","SPL",1,744.6,255.2,"-",863
"SPL03","PE 20:1/18:0","SPL",1,772.5,283.2,"-",20450
"SPL03","PE 20:1/18:1","SPL",1,770.6,281.2,"-",2323
"SPL03","PE 20:1/20:2","SPL",1,796.6,307.3,"-",25
"SPL03","PE 20:1/22:4","SPL",1,820.6,331.3,"-",596
"SPL03","PE 20:1/22:6","SPL",1,816.6,327.2,"-",2232
"SPL03","PE 20:2/16:0","SPL",1,742.6,255.2,"-",931
"SPL03","PE 20:2/18:0","SPL",1,770.6,283.2,"-",1181
"SPL03","PE 20:2/18:1","SPL",1,768.6,281.2,"-",1739
"SPL03","PE 20:2/20:1","SPL",1,796.6,309.3,"-",33
"SPL03","PE 20:3/16:0","SPL",1,740.5,255.2,"-",3204
"SPL03","PE 20:3/18:0","SPL",1,768.6,283.2,"-",10344
"SPL03","PE 20:3/20:0","SPL",1,796.6,311.3,"-",43
"SPL03","PE 20:4/16:0","SPL",1,738.5,255.2,"-",11572
"SPL03","PE 20:4/18:0","SPL",1,766.6,283.2,"-",47767
"SPL03","PE 20:4/18:1","SPL",1,764.6,281.2,"-",21065
"SPL03","PE 20:4/20:0","SPL",1,822.6,311.3,"-",14
"SPL03","PE 22:4/16:0","SPL",1,766.6,255.2,"-",7524
"SPL03","PE 22:4/18:0","SPL",1,794.6,283.2,"-",19577
"SPL03","PE 22:4/18:1","SPL",1,792.6,281.2,"-",4360
"SPL03","PE 22:4/20:1","SPL",1,820.6,309.3,"-",119
"SPL03","PE 22:4/22:6","SPL",1,838.5,327.2,"-",8167
"SPL03","PE 22:5/16:0","SPL",1,764.6,255.2,"-",5137
"SPL03","PE 22:6/16:0","SPL",1,762.5,255.2,"-",36232
"SPL03","PE 22:6/16:1","SPL",1,760.5,253.2,"-",1033
"SPL03","PE 22:6/17:1","SPL",1,774.6,267.3,"-",3362
"SPL03","PE 22:6/18:0","SPL",1,790.6,283.2,"-",241026
"SPL03","PE 22:6/18:1","SPL",1,788.5,281.2,"-",17363
"SPL03","PE 22:6/18:2","SPL",1,786.6,279.2,"-",718
"SPL03","PE 22:6/20:0","SPL",1,818.6,311.3,"-",216
"SPL03","PE 22:6/20:1","SPL",1,816.6,309.3,"-",1028
"SPL03","PE 22:6/22:4","SPL",1,838.5,331.3,"-",4925
"SPL03","PE 22:6/22:6","SPL",1,834.5,327.2,"-",12492
"SPL04","PE 15:0/20:4","SPL",1,724.5,303.2,"-",4965
"SPL04","PE 15:0/22:6","SPL",1,748.5,327.2,"-",11847
"SPL04","PE 15:1/20:1","SPL",1,728.5,309.3,"-",10271
"SPL04","PE 15:1/20:4","SPL",1,722.5,303.2,"-",36680
"SPL04","PE 15:1/22:4","SPL",1,750.5,331.3,"-",87726
"SPL04","PE 15:1/22:6","SPL",1,746.5,327.2,"-",71048
"SPL04","PE 16:0/16:1","SPL",1,688.5,253.2,"-",11042
"SPL04","PE 16:0/18:0","SPL",1,718.5,283.2,"-",2154
"SPL04","PE 16:0/18:1","SPL",1,716.5,281.2,"-",57285
"SPL04","PE 16:0/18:2","SPL",1,714.5,279.2,"-",2646
"SPL04","PE 16:0/20:1","SPL",1,744.6,309.3,"-",1176
"SPL04","PE 16:0/20:2","SPL",1,742.6,307.3,"-",1301
"SPL04","PE 16:0/20:3","SPL",1,740.5,305.3,"-",6612
"SPL04","PE 16:0/20:4","SPL",1,738.5,303.2,"-",36196
"SPL04","PE 16:0/22:4","SPL",1,766.6,331.3,"-",25693
"SPL04","PE 16:0/22:5","SPL",1,764.6,329.2,"-",10504
"SPL04","PE 16:0/22:6","SPL",1,762.5,327.2,"-",59252
"SPL04","PE 16:1/16:0","SPL",1,688.5,255.2,"-",6987
"SPL04","PE 16:1/18:1","SPL",1,714.5,281.2,"-",14179
"SPL04","PE 16:1/22:6","SPL",1,760.5,327.2,"-",7552
"SPL04","PE 17:0/20:1","SPL",1,758.6,309.3,"-",245
"SPL04","PE 17:0/20:4","SPL",1,752.5,303.2,"-",8919
"SPL04","PE 17:0/22:6","SPL",1,776.5,327.2,"-",20510
"SPL04","PE 17:0/24:6","SPL",1,804.6,355.3,"-",58
"SPL04","PE 17:1/16:1","SPL",1,700.5,253.2,"-",3011
"SPL04","PE 17:1/18:1","SPL",1,728.5,281.2,"-",25483
"SPL04","PE 17:1/20:0","SPL",1,758.6,311.3,"-",277
"SPL04","PE 17:1/20:1","SPL",1,756.6,309.3,"-",5638
"SPL04","PE 17:1/20:3","SPL",1,752.5,305.3,"-",13648
"SPL04","PE 17:1/20:4","SPL",1,750.5,303.2,"-",104239
"SPL04","PE 17:1/22:4","SPL",1,778.6,331.3,"-",133478
"SPL04","PE 17:1/22:6","SPL",1,774.6,327.2,"-",301268
"SPL04","PE 17:1/24:5","SPL",1,804.6,357.3,"-",1789
"SPL04","PE 17:1/24:6","SPL",1,802.6,355.3,"-",887
"SPL04","PE 17:2/16:0","SPL",1,700.5,255.2,"-",24500
"SPL04","PE 18:0/16:0","SPL",1,718.5,255.2,"-",1686
"SPL04","PE 18:0/18:1","SPL",1,744.6,281.2,"-",37799
"SPL04","PE 18:0/19:0","SPL",1,758.6,297.2,"-",123
"SPL04","PE 18:0/20:1","SPL",1,772.5,309.3,"-",1731
"SPL04","PE 18:0/20:3","SPL",1,768.6,305.3,"-",25958
"SPL04","PE 18:0/20:4","SPL",1,766.6,303.2,"-",134730
"SPL04","PE 18:0/22:4","SPL",1,794.6,331.3,"-",57806
"SPL04","PE 18:0/22:6","SPL",1,790.6,327.2,"-",258115
"SPL04","PE 18:1/16:0","SPL",1,716.5,255.2,"-",21843
"SPL04","PE 18:1/16:1","SPL",1,714.5,253.2,"-",8035
"SPL04","PE 18:1/17:1","SPL",1,728.5,267.3,"-",5157
"SPL04","PE 18:1/18:0","SPL",1,744.6,283.2,"-",12160
"SPL04","PE 18:1/18:1","SPL",1,742.6,281.2,"-",102330
"SPL04","PE 18:1/20:1","SPL",1,770.6,309.3,"-",3885
"SPL04","PE 18:1/20:2","SPL",1,768.6,307.3,"-",2288
"SPL04","PE 18:1/20:4","SPL",1,764.6,303.2,"-",58238
"SPL04","PE 18:1/22:4","SPL",1,792.6,331.3,"-",14672
"SPL04","PE 18:1/22:6","SPL",1,788.5,327.2,"-",24821
"SPL04","PE 18:2/16:0","SPL",1,714.5,255.2,"-",1982
"SPL04","PE 18:2/20:0","SPL",1,770.6,311.3,"-",22
"SPL04","PE 18:2/20:1","SPL",1,768.6,309.3,"-",604
"SPL04","PE 18:2/22:6","SPL",1,786.6,327.2,"-",1955
"SPL04","PE 19:1/18:0","SPL",1,758.6,283.2,"-",179
"SPL04","PE 19:1/22:6","SPL",1,802.6,327.2,"-",1924
"SPL04","PE 20:0/20:3","SPL",1,796.6,305.3,"-",127
"SPL04","PE 20:0/22:4","SPL",1,822.6,331.3,"-",239
"SPL04","PE 20:0/22:6","SPL",1,818.6,327.2,"-",425
"SPL04","PE 20:1/15:1","SPL",1,728.5,239.2,"-",67
"SPL04","PE 20:1/16:0","SPL",1,744.6,255.2,"-",655
"SPL04","PE 20:1/18:0","SPL",1,772.5,283.2,"-",21305
"SPL04","PE 20:1/18:1","SPL",1,770.6,281.2,"-",2354
"SPL04","PE 20:1/20:2","SPL",1,796.6,307.3,"-",25
"SPL04","PE 20:1/22:4","SPL",1,820.6,331.3,"-",587
"SPL04","PE 20:1/22:6","SPL",1,816.6,327.2,"-",1497
"SPL04","PE 20:2/16:0","SPL",1,742.6,255.2,"-",793
"SPL04","PE 20:2/18:0","SPL",1,770.6,283.2,"-",874
"SPL04","PE 20:2/18:1","SPL",1,768.6,281.2,"-",2230
"SPL04","PE 20:2/20:1","SPL",1,796.6,309.3,"-",77
"SPL04","PE 20:3/16:0","SPL",1,740.5,255.2,"-",2941
"SPL04","PE 20:3/18:0","SPL",1,768.6,283.2,"-",10395
"SPL04","PE 20:3/20:0","SPL",1,796.6,311.3,"-",54
"SPL04","PE 20:4/16:0","SPL",1,738.5,255.2,"-",10355
"SPL04","PE 20:4/18:0","SPL",1,766.6,283.2,"-",49876
"SPL04","PE 20:4/18:1","SPL",1,764.6,281.2,"-",19161
"SPL04","PE 20:4/20:0","SPL",1,822.6,311.3,"-",8
"SPL04","PE 22:4/16:0","SPL",1,766.6,255.2,"-",6725
"SPL04","PE 22:4/18:0","SPL",1,794.6,283.2,"-",18056
"SPL04","PE 22:4/18:1","SPL",1,792.6,281.2,"-",4954
"SPL04","PE 22:4/20:1","SPL",1,820.6,309.3,"-",73
"SPL04","PE 22:4/22:6","SPL",1,838.5,327.2,"-",6647
"SPL04","PE 22:5/16:0","SPL",1,764.6,255.2,"-",4649
"SPL04","PE 22:6/16:0","SPL",1,762.5,255.2,"-",35937
"SPL04","PE 22:6/16:1","SPL",1,760.5,253.2,"-",999
"SPL04","PE 22:6/17:1","SPL",1,774.6,267.3,"-",3878
"SPL04","PE 22:6/18:0","SPL",1,790.6,283.2,"-",220482
"SPL04","PE 22:6/18:1","SPL",1,788.5,281.2,"-",14864
"SPL04","PE 22:6/18:2","SPL",1,786.6,279.2,"-",694
"SPL04","PE 22:6/20:0","SPL",1,818.6,311.3,"-",253
"SPL04","PE 22:6/20:1","SPL",1,816.6,309.3,"-",807
"SPL04","PE 22:6/22:4","SPL",1,838.5,331.3,"-",6108
"SPL04","PE 22:6/22:6","SPL",1,834.5,327.2,"-",9988
"SPL05","PE 15:0/20:4","SPL",1,724.5,303.2,"-",5354
"SPL05","PE 15:0/22:6","SPL",1,748.5,327.2,"-",11008
"SPL05","PE 15:1/20:1","SPL",1,728.5,309.3,"-",10309
"SPL05","PE 15:1/20:4","SPL",1,722.5,303.2,"-",30483
"SPL05","PE 15:1/22:4","SPL",1,750.5,331.3,"-",80544
"SPL05","PE 15:1/22:6","SPL",1,746.5,327.2,"-",61178
"SPL05","PE 16:0/16:1","SPL",1,688.5,253.2,"-",10956
"SPL05","PE 16:0/18:0","SPL",1,718.5,283.2,"-",2144
"SPL05","PE 16:0/18:1","SPL",1,716.5,281.2,"-",46505
"SPL05","PE 16:0/18:2","SPL",1,714.5,279.2,"-",2665
"SPL05","PE 16:0/20:1","SPL",1,744.6,309.3,"-",1296
"SPL05","PE 16:0/20:2","SPL",1,742.6,307.3,"-",1467
"SPL05","PE 16:0/20:3","SPL",1,740.5,305.3,"-",6865
"SPL05","PE 16:0/20:4","SPL",1,738.5,303.2,"-",28662
"SPL05","PE 16:0/22:4","SPL",1,766.6,331.3,"-",24591
"SPL05","PE 16:0/22:5","SPL",1,764.6,329.2,"-",10033
"SPL05","PE 16:0/22:6","SPL",1,762.5,327.2,"-",57625
"SPL05","PE 16:1/16:0","SPL",1,688.5,255.2,"-",5580
"SPL05","PE 16:1/18:1","SPL",1,714.5,281.2,"-",13798
"SPL05","PE 16:1/22:6","SPL",1,760.5,327.2,"-",8773
"SPL05","PE 17:0/20:1","SPL",1,758.6,309.3,"-",404
"SPL05","PE 17:0/20:4","SPL",1,752.5,303.2,"-",7510
"SPL05","PE 17:0/22:6","SPL",1,776.5,327.2,"-",17959
"SPL05","PE 17:0/24:6","SPL",1,804.6,355.3,"-",96
"SPL05","PE 17:1/16:1","SPL",1,700.5,253.2,"-",2844
"SPL05","PE 17:1/18:1","SPL",1,728.5,281.2,"-",28293
"SPL05","PE 17:1/20:0","SPL",1,758.6,311.3,"-",227
"SPL05","PE 17:1/20:1","SPL",1,756.6,309.3,"-",4875
"SPL05","PE 17:1/20:3","SPL",1,752.5,305.3,"-",11727
"SPL05","PE 17:1/20:4","SPL",1,750.5,303.2,"-",120695
"SPL05","PE 17:1/22:4","SPL",1,778.6,331.3,"-",127365
"SPL05","PE 17:1/22:6","SPL",1,774.6,327.2,"-",253248
"SPL05","PE 17:1/24:5","SPL",1,804.6,357.3,"-",1635
"SPL05","PE 17:1/24:6","SPL",1,802.6,355.3,"-",1166
"SPL05","PE 17:2/16:0","SPL",1,700.5,255.2,"-",24412
"SPL05","PE 18:0/16:0","SPL",1,718.5,255.2,"-",1640
"SPL05","PE 18:0/18:1","SPL",1,744.6,281.2,"-",35590
"SPL05","PE 18:0/19:0","SPL",1,758.6,297.2,"-",80
"SPL05","PE 18:0/20:1","SPL",1,772.5,309.3,"-",1833
"SPL05","PE 18:0/20:3","SPL",1,768.6,305.3,"-",24010
"SPL05","PE 18:0/20:4","SPL",1,766.6,303.2,"-",151763
"SPL05","PE 18:0/22:4","SPL",1,794.6,331.3,"-",61841
"SPL05","PE 18:0/22:6","SPL",1,790.6,327.2,"-",225679
"SPL05","PE 18:1/16:0","SPL",1,716.5,255.2,"-",17224
"SPL05","PE 18:1/16:1","SPL",1,714.5,253.2,"-",7092
"SPL05","PE 18:1/17:1","SPL",1,728.5,267.3,"-",4978
"SPL05","PE 18:1/18:0","SPL",1,744.6,283.2,"-",12187
"SPL05","PE 18:1/18:1","SPL",1,742.6,281.2,"-",118175
"SPL05","PE 18:1/20:1","SPL",1,770.6,309.3,"-",3205
"SPL05","PE 18:1/20:2","SPL",1,768.6,307.3,"-",2110
"SPL05","PE 18:1/20:4","SPL",1,764.6,303.2,"-",51400
"SPL05","PE 18:1/22:4","SPL",1,792.6,331.3,"-",13678
"SPL05","PE 18:1/22:6","SPL",1,788.5,327.2,"-",27788
"SPL05","PE 18:2/16:0","SPL",1,714.5,255.2,"-",1885
"SPL05","PE 18:2/20:0","SPL",1,770.6,311.3,"-",17
"SPL05","PE 18:2/20:1","SPL",1,768.6,309.3,"-",348
"SPL05","PE 18:2/22:6","SPL",1,786.6,327.2,"-",2124
"SPL05","PE 19:1/18:0","SPL",1,758.6,283.2,"-",252
"SPL05","PE 19:1/22:6","SPL",1,802.6,327.2,"-",2246
"SPL05","PE 20:0/20:3","SPL",1,796.6,305.3,"-",47
"SPL05","PE 20:0/22:4","SPL",1,822.6,331.3,"-",130
"SPL05","PE 20:0/22:6","SPL",1,818.6,327.2,"-",236
"SPL05","PE 20:1/15:1","SPL",1,728.5,239.2,"-",175
"SPL05","PE 20:1/16:0","SPL",1,744.6,255.2,"-",823
"SPL05","PE 20:1/18:0","SPL",1,772.5,283.2,"-",20880
"SPL05","PE 20:1/18:1","SPL",1,770.6,281.2,"-",1858
"SPL05","PE 20:1/20:2","SPL",1,796.6,307.3,"-",18
"SPL05","PE 20:1/22:4","SPL",1,820.6,331.3,"-",443
"SPL05","PE 20:1/22:6","SPL",1,816.6,327.2,"-",1825
"SPL05","PE 20:2/16:0","SPL",1,742.6,255.2,"-",931
"SPL05","PE 20:2/18:0","SPL",1,770.6,283.2,"-",850
"SPL05","PE 20:2/18:1","SPL",1,768.6,281.2,"-",2158
"SPL05","PE 20:2/20:1","SPL",1,796.6,309.3,"-",118
"SPL05","PE 20:3/16:0","SPL",1,740.5,255.2,"-",3282
"SPL05","PE 20:3/18:0","SPL",1,768.6,283.2,"-",9499
"SPL05","PE 20:3/20:0","SPL",1,796.6,311.3,"-",44
"SPL05","PE 20:4/16:0","SPL",1,738.5,255.2,"-",9006
"SPL05","PE 20:4/18:0","SPL",1,766.6,283.2,"-",43964
"SPL05","PE 20:4/18:1","SPL",1,764.6,281.2,"-",19772
"SPL05","PE 20:4/20:0","SPL",1,822.6,311.3,"-",25
"SPL05","PE 22:4/16:0","SPL",1,766.6,255.2,"-",6729
"SPL05","PE 22:4/18:0","SPL",1,794.6,283.2,"-",17955
"SPL05","PE 22:4/18:1","SPL",1,792.6,281.2,"-",3774
"SPL05","PE 22:4/20:1","SPL",1,820.6,309.3,"-",91
"SPL05","PE 22:4/22:6","SPL",1,838.5,327.2,"-",5724
"SPL05","PE 22:5/16:0","SPL",1,764.6,255.2,"-",5625
"SPL05","PE 22:6/16:0","SPL",1,762.5,255.2,"-",37099
"SPL05","PE 22:6/16:1","SPL",1,760.5,253.2,"-",797
"SPL05","PE 22:6/17:1","SPL",1,774.6,267.3,"-",3584
"SPL05","PE 22:6/18:0","SPL",1,790.6,283.2,"-",186159
"SPL05","PE 22:6/18:1","SPL",1,788.5,281.2,"-",14940
"SPL05","PE 22:6/18:2","SPL",1,786.6,279.2,"-",799
"SPL05","PE 22:6/20:0","SPL",1,818.6,311.3,"-",227
"SPL05","PE 22:6/20:1","SPL",1,816.6,309.3,"-",1088
"SPL05","PE 22:6/22:4","SPL",1,838.5,331.3,"-",4953
"SPL05","PE 22:6/22:6","SPL",1,834.5,327.2,"-",11649
